instance,profile,policy,stream,route_len,rho_cand,cand_count,N,candidate_cvar_matches_full,tier2_decision,tier2_incremental_certified,full_feasible,t_tier2_total,t_tier2_exact_partial,t_full,tier2_over_full,cvar_L,cvar_U,cvar_candidate,cvar_full
CON3-0,moderate,SAA,search,17,0.917,9170,10000,1,certified_infeasible,1,0,0.005645800003549084,0.0024769000010564923,0.002441399992676452,2.312525608456204,8108910.86604686,8903096.573684063,8544652.272127818,8544652.272127816
CON3-0,moderate,SAA,search,11,0.9021,9021,10000,1,certified_infeasible,1,0,0.003876000002492219,0.0013882000057492405,0.001299499999731779,2.9826856508597444,8263379.652608721,8993776.235263841,8649983.229496181,8649983.229496181
CON3-0,moderate,SAA,search,17,0.917,9170,10000,1,certified_infeasible,1,0,0.005699200002709404,0.00262690000818111,0.0022378000139724463,2.5467870082780224,8108910.86604686,8903096.573684063,8544652.272127818,8544652.272127816
CON3-0,moderate,SAA,search,14,0.9425,9425,10000,1,ambiguous,0,1,0.005412600003182888,0.002313100005267188,0.002227500022854656,2.4298989663965807,7387607.914344526,8111768.061616806,7786732.768704757,7786732.768704758
CON3-0,moderate,SAA,search,15,0.8885,8885,10000,1,ambiguous,0,0,0.005507599998963997,0.002338999998755753,0.0021256000036373734,2.5910801606789944,7980919.880245989,8659098.36886391,8354307.210492187,8354307.210492187
CON3-0,moderate,SAA,search,10,0.8865,8865,10000,1,certified_feasible,1,1,0.0036038999969605356,0.0010402000043541193,0.0013109999999869615,2.748970249425155,7201863.869142702,7815362.338215227,7523849.565114224,7523849.565114224
CON3-0,moderate,SAA,search,14,0.9042,9042,10000,1,ambiguous,0,1,0.0044504000106826425,0.00181350001366809,0.0018510999798309058,2.4041921339598185,7452330.824055236,8111771.301926786,7818565.263687215,7818565.263687215
CON3-0,moderate,SAA,search,10,0.8539,8539,10000,1,ambiguous,0,1,0.0037798999983351678,0.0011776999745052308,0.0011668000079225749,3.2395440286849824,7612143.183239897,8222116.546181633,7931158.253103762,7931158.253103762
CON3-0,moderate,SAA,search,15,0.9148,9148,10000,1,ambiguous,0,0,0.005323899997165427,0.002470300009008497,0.0020027999999001622,2.658228478845026,7971408.890465459,8691104.15181982,8357449.101540815,8357449.101540815
CON3-0,moderate,SAA,search,15,0.9148,9148,10000,1,ambiguous,0,0,0.005344700010027736,0.002551899990066886,0.0019407999934628606,2.753864400262846,7971408.890465459,8691104.15181982,8357445.3482775455,8357445.3482775455
CON3-0,moderate,SAA,search,15,0.9148,9148,10000,1,ambiguous,0,0,0.005778200022177771,0.002737600007094443,0.0021445999736897647,2.694302011128178,7971408.890465459,8691104.15181982,8357445.3482775455,8357445.3482775455
CON3-0,moderate,SAA,search,15,0.9148,9148,10000,1,ambiguous,0,0,0.005276499985484406,0.0021539999870583415,0.002270099997986108,2.3243469407362625,7971408.890465459,8691104.15181982,8357445.3482775455,8357445.3482775455
CON3-0,moderate,SAA,search,16,0.8739,8739,10000,1,ambiguous,0,1,0.0052980000036768615,0.0022693999926559627,0.002097199991112575,2.5262254559071624,7542912.90166744,8213370.584206709,7917584.014156616,7917584.014156616
CON3-0,moderate,SAA,search,16,0.932,9320,10000,1,ambiguous,0,1,0.005443799978820607,0.002550300006987527,0.0023153999936766922,2.351127232308676,7468365.184337156,8213370.584206709,7887412.749463544,7887412.749463545
CON3-0,moderate,SAA,search,10,0.8941,8941,10000,1,certified_feasible,1,1,0.003628900012699887,0.0011947999882977456,0.0011689999955706298,3.104277182591856,7322091.3113467805,7952519.522492947,7653090.160758208,7653090.160758208
CON3-0,moderate,SAA,search,15,0.9469,9469,10000,1,ambiguous,0,0,0.005443599977297708,0.002577199978986755,0.002009400021051988,2.709067343618222,7673976.049375947,8430432.31603659,8084939.630404009,8084939.6304040095
CON3-0,moderate,SAA,search,15,0.9469,9469,10000,1,ambiguous,0,0,0.005354299995815381,0.0025064999936148524,0.0019131000153720379,2.7987559211712925,7673976.049375947,8430432.31603659,8084955.082972106,8084955.0829721065
CON3-0,moderate,SAA,search,17,0.8424,8424,10000,1,ambiguous,0,0,0.005577499978244305,0.0023034999903757125,0.0024824000138323754,2.246817574591315,7846538.157083088,8497414.090029534,8210131.75270657,8210131.75270657
CON3-0,moderate,SAA,search,17,0.8424,8424,10000,1,ambiguous,0,0,0.005426399991847575,0.0022456999868154526,0.0022757999831810594,2.3843923156474767,7846538.157083088,8497414.090029534,8210131.75270657,8210131.75270657
CON3-0,moderate,SAA,search,17,0.8572,8572,10000,1,ambiguous,0,0,0.005506199988303706,0.002521399990655482,0.0023443000100087374,2.3487608091095744,7819637.329345001,8497414.090029534,8203638.520612793,8203638.520612793
CON3-0,moderate,SAA,search,15,0.9275,9275,10000,1,ambiguous,0,0,0.005511700001079589,0.0025612000026740134,0.0020634999964386225,2.6710443472702625,7853808.524668148,8593769.963780437,8259637.76908087,8259637.769080869
CON3-0,moderate,SAA,search,17,0.8291,8291,10000,1,certified_infeasible,1,0,0.005650000006426126,0.002243599999928847,0.002490099985152483,2.268985197427783,8213210.972746606,8903096.573684063,8581236.49212095,8581236.49212095
CON3-0,moderate,SAA,search,16,0.8809,8809,10000,1,certified_feasible,1,1,0.005468800023663789,0.0025040000036824495,0.0021179999748710543,2.582058587605382,7482013.176764288,8072136.610927313,7817202.385825432,7817202.385825431
CON3-0,moderate,SAA,search,16,0.8809,8809,10000,1,certified_feasible,1,1,0.005598399991868064,0.002582699991762638,0.002306699985638261,2.42701696220759,7482013.176764288,8072136.610927313,7812014.7298441315,7812014.7298441315
CON3-0,moderate,SAA,search,16,0.8809,8809,10000,1,certified_feasible,1,1,0.005879500007722527,0.0025898000167217106,0.0021769000159110874,2.700859003513677,7482013.176764288,8072136.610927313,7811091.154221204,7811091.154221203
CON3-0,moderate,SAA,search,17,0.8828,8828,10000,1,ambiguous,0,1,0.0051632999966386706,0.002323599997907877,0.002385700005106628,2.1642704386915987,7711141.289248126,8318396.605326304,8063728.89533524,8063728.89533524
CON3-0,moderate,SAA,search,17,0.8828,8828,10000,1,ambiguous,0,1,0.005548699991777539,0.002399599994532764,0.00245199998607859,2.2629282313542785,7711141.289248126,8318396.605326305,8063728.895335241,8063728.895335241
CON3-0,moderate,SAA,search,13,0.9235,9235,10000,1,ambiguous,0,0,0.004578299995046109,0.0015919999859761447,0.0014905999996699393,3.0714477365221207,8015241.403557648,8777318.925220268,8420082.288940586,8420082.288940586
CON3-0,moderate,SAA,search,13,0.9235,9235,10000,1,ambiguous,0,0,0.004518600006122142,0.0015736999921500683,0.0015412000066135079,2.931871260532175,8015241.403557648,8777318.925220268,8420056.261681024,8420056.261681024
CON3-0,moderate,SAA,search,17,0.8606,8606,10000,1,certified_infeasible,1,0,0.005789400020148605,0.002512100007152185,0.00232759999926202,2.487283047767731,8203342.1670613475,8838593.013376113,8574749.330578562,8574749.330578562
CON3-0,moderate,SAA,search,13,0.9417,9417,10000,1,ambiguous,0,0,0.0043895000126212835,0.0014876000059302896,0.0017388999985996634,2.5242969786394553,7832557.095310122,8588823.58426805,8237720.540518738,8237720.540518737
CON3-0,moderate,SAA,search,13,0.7489,7489,10000,1,ambiguous,0,0,0.0040000000153668225,0.0010953000164590776,0.0013237999810371548,3.021604526865872,8073138.260666289,8598564.592769055,8341376.977446806,8341376.977446807
CON3-0,moderate,SAA,search,13,0.9312,9312,10000,1,ambiguous,0,1,0.004187900020042434,0.0015133000269997865,0.0016718000115361065,2.505024519167487,7651669.742146811,8388101.732858574,8044014.811972773,8044014.811972773
CON3-0,moderate,SAA,search,13,0.8577,8577,10000,1,ambiguous,0,0,0.0042344999965280294,0.001285300008021295,0.0014516999945044518,2.916924993151568,8011674.683707064,8679419.275728738,8364545.720687397,8364545.720687397
CON3-0,moderate,SAA,search,17,0.8823,8823,10000,1,ambiguous,0,0,0.005107299977680668,0.002328899980057031,0.002971400012029335,1.7188193972553052,7773537.474615388,8384098.434045387,8139553.2342369305,8139553.2342369305
CON3-0,moderate,SAA,search,17,0.8823,8823,10000,1,ambiguous,0,0,0.005456900020362809,0.002372899994952604,0.0022364000033121556,2.440037565856298,7773537.474615388,8384098.434045387,8139547.413606713,8139547.413606713
CON3-0,moderate,SAA,search,17,0.8607,8607,10000,1,ambiguous,0,0,0.005576600000495091,0.0026292999973520637,0.0022471999982371926,2.4815770758586835,7742830.75720537,8364266.571418849,8102838.695606085,8102838.6956060855
CON3-0,moderate,SAA,search,17,0.8607,8607,10000,1,ambiguous,0,0,0.005330299987690523,0.0023330000112764537,0.0025001000030897558,2.1320347110527806,7742830.75720537,8364266.571418849,8102838.695606085,8102838.6956060855
CON3-0,moderate,SAA,search,10,0.7965,7965,10000,1,certified_feasible,1,1,0.0032899000216275454,0.0010654000216163695,0.0012519999872893095,2.627715698903855,7473902.38795095,8031108.908258585,7763291.389587981,7763291.389587982
CON3-0,moderate,SAA,search,15,0.9437,9437,10000,1,certified_infeasible,1,0,0.00521069997921586,0.0022729999909643084,0.0019184999982826412,2.7160281385875713,8265064.536648514,9070938.610819053,8705930.186998308,8705930.186998308
CON3-0,moderate,SAA,search,15,0.9437,9437,10000,1,certified_infeasible,1,0,0.005214100005105138,0.002368299989029765,0.0019422000041231513,2.6846359767459465,8265064.536648514,9070938.610819053,8705930.186998308,8705930.186998308
CON3-0,moderate,SAA,search,15,0.9469,9469,10000,1,ambiguous,0,1,0.005416300002252683,0.002654699987033382,0.002376899996306747,2.278724393398371,7673976.049375947,8430432.31603659,8079980.722544826,8079980.722544826
CON3-0,moderate,SAA,search,15,0.9469,9469,10000,1,ambiguous,0,0,0.005253599985735491,0.002204899996286258,0.002011600008700043,2.611652397600916,7673976.049375947,8430432.31603659,8085284.220316527,8085284.220316527
CON3-0,moderate,SAA,search,15,0.7451,7451,10000,1,ambiguous,0,0,0.004663600004278123,0.0018281999800819904,0.0022825000050943345,2.0431982448496773,7930209.4416165585,8437601.048652414,8208397.070096392,8208397.070096391
CON3-0,moderate,SAA,search,11,0.8862,8862,10000,1,ambiguous,0,1,0.003793899988522753,0.0011873999901581556,0.001129900017986074,3.357730709027666,7605719.353597914,8261781.163822018,7949606.942322151,7949606.942322151
CON3-0,moderate,SAA,search,11,0.8981,8981,10000,1,ambiguous,0,1,0.003935399989131838,0.0012644999951589853,0.0012258999922778457,3.2102129161608595,7646648.034657528,8324676.946953247,8003387.163821606,8003387.163821606
CON3-0,moderate,SAA,search,14,0.8074,8074,10000,1,ambiguous,0,0,0.0047383000201079994,0.0019160000083502382,0.0017070999892894179,2.775642932362926,7857816.925780103,8427570.734915655,8158753.53276881,8158753.53276881
CON3-0,moderate,SAA,search,14,0.8194,8194,10000,1,ambiguous,0,0,0.004984499973943457,0.00189049998880364,0.002107900014379993,2.364675715138022,7836606.362673628,8414272.706460724,8142161.840068981,8142161.840068981
CON3-0,moderate,SAA,search,11,0.8967,8967,10000,1,ambiguous,0,0,0.0031789999920874834,0.0009672999731265008,0.0012898000131826848,2.464723181575294,7764283.240688813,8448202.887068506,8123558.50400052,8123558.50400052
CON3-0,moderate,SAA,search,15,0.8789,8789,10000,1,certified_feasible,1,1,0.005223799991654232,0.002339900005608797,0.002062100014882162,2.5332427883973145,7345039.054391867,8005400.001215569,7718157.55990176,7718157.559901761
CON3-0,moderate,SAA,search,15,0.8745,8745,10000,1,certified_feasible,1,1,0.004957099998136982,0.0021204999939072877,0.0021742999961134046,2.2798601881055403,7364077.956612994,8005429.689517529,7728433.348406583,7728433.348406583
CON3-0,moderate,SAA,search,15,0.8245,8245,10000,1,certified_feasible,1,1,0.004878300009295344,0.0017667000065557659,0.002112200018018484,2.309582410605137,7487904.975441728,8052924.710124882,7801342.284800022,7801342.284800023
CON3-0,moderate,SAA,search,11,0.9125,9125,10000,1,certified_infeasible,1,0,0.0037443999899551272,0.0012246999831404537,0.0010187000152654946,3.6756649983746765,8178498.934679098,8919881.094218818,8569200.354682779,8569200.354682779
CON3-0,moderate,SAA,search,11,0.9125,9125,10000,1,certified_infeasible,1,0,0.00388469998142682,0.0015509999939240515,0.0011269999959040433,3.446938771557526,8178498.934679097,8919881.094218818,8569200.354682779,8569200.354682779
CON3-0,moderate,SAA,search,11,0.7859,7859,10000,1,certified_infeasible,1,0,0.00377070001559332,0.0014361000212375075,0.001107400021282956,3.405002657689,8432607.750311533,9046832.648870356,8752683.372365149,8752683.372365147
CON3-0,moderate,SAA,search,14,0.9587,9587,10000,1,ambiguous,0,0,0.005266100022708997,0.0023901000095065683,0.001835799979744479,2.8685587105420787,7867796.013205744,8684721.963518549,8341256.264330454,8341256.264330452
CON3-0,moderate,SAA,search,14,0.8131,8131,10000,1,certified_infeasible,1,0,0.004486699996050447,0.0017772999999579042,0.001995300000999123,2.2486342874774645,8122949.288884298,8735766.159535455,8450211.440649245,8450211.440649243
CON3-0,moderate,SAA,search,14,0.9425,9425,10000,1,certified_feasible,1,1,0.004989200009731576,0.0024107000208459795,0.001919199974508956,2.599624883284039,7286750.680488863,8002007.798954765,7677240.4186123,7677240.4186123
CON3-0,moderate,SAA,search,14,0.9425,9425,10000,1,certified_feasible,1,1,0.00469959998736158,0.0021129999950062484,0.0023036000202409923,2.040111106992406,7286750.680488863,8002007.798954765,7677240.4186123,7677240.4186123
CON3-0,moderate,SAA,search,16,0.932,9320,10000,1,ambiguous,0,1,0.005590900022070855,0.0026399000198580325,0.002262099995277822,2.4715529966588425,7468365.184337155,8213370.584206709,7889565.682251728,7889565.682251728
CON3-0,moderate,SAA,search,16,0.8739,8739,10000,1,ambiguous,0,1,0.006168599997181445,0.0027740999939851463,0.002335299999685958,2.6414593405605165,7542912.90166744,8213370.584206709,7917553.069475408,7917553.069475408
CON3-0,moderate,SAA,search,11,0.8,8000,10000,1,ambiguous,0,0,0.003576899995096028,0.001433900004485622,0.0012719999940600246,2.8120283111630555,7793632.870272604,8362449.683579625,8085492.402577479,8085492.402577478
CON3-0,moderate,SAA,search,17,0.9294,9294,10000,1,ambiguous,0,0,0.0054499999969266355,0.0024812000046949834,0.002185499994084239,2.4937085388601323,7743314.097700976,8506539.721526789,8178452.555631468,8178452.555631467
CON3-0,moderate,SAA,search,10,0.8894,8894,10000,1,certified_feasible,1,1,0.0030685000238008797,0.001046200020937249,0.0008883999835234135,3.4539622700477124,7319985.633104584,7949657.99204694,7650463.427447299,7650463.427447298
CON3-0,moderate,SAA,search,10,0.898,8980,10000,1,ambiguous,0,1,0.002966500003822148,0.0014036000065971166,0.001083899987861514,2.7368761297570625,7479585.930597231,8144243.8771272,7829111.36461562,7829111.364615618
CON3-0,moderate,SAA,search,10,0.898,8980,10000,1,ambiguous,0,1,0.003151100012473762,0.0011509000032674521,0.0009503999899607152,3.315551394948997,7479585.930597231,8144243.877127201,7829111.364615617,7829111.36461562
CON3-0,moderate,SAA,search,10,0.8033,8033,10000,1,ambiguous,0,1,0.003124799986835569,0.0008698999881744385,0.0008980999991763383,3.47934527302235,7708292.089517887,8283919.691871324,8007677.137441675,8007677.137441675
CON3-0,moderate,SAA,search,15,0.9386,9386,10000,1,certified_feasible,1,1,0.004902899992885068,0.002360100013902411,0.0019365999905858189,2.531705058720953,7200403.913487435,7958495.382240452,7617115.660055363,7617115.660055363
CON3-0,moderate,SAA,search,15,0.9394,9394,10000,1,certified_feasible,1,1,0.005046200007200241,0.0023925999994389713,0.0020127999887336046,2.507054866576765,7198699.6441695625,7958452.795705227,7616419.532876842,7616419.532876842
CON3-0,moderate,SAA,search,16,0.8536,8536,10000,1,ambiguous,0,0,0.0046557999739889055,0.00205939999432303,0.0018545000057201833,2.510541903277512,7746082.954311235,8387059.557063614,8102574.36144743,8102574.361447431
CON3-0,moderate,SAA,search,16,0.9296,9296,10000,1,ambiguous,0,1,0.006064799992600456,0.003059100010432303,0.0020029000006616116,3.028009381695087,7600137.463000109,8373656.614975529,8055413.733637623,8055413.733637622
CON3-0,moderate,SAA,search,16,0.9296,9296,10000,1,ambiguous,0,1,0.005566499981796369,0.002621999999973923,0.001963600021554157,2.8348441233925916,7600137.463000109,8373656.614975529,8055413.733637623,8055413.733637623
CON3-0,moderate,SAA,search,16,0.9301,9301,10000,1,ambiguous,0,1,0.005835800024215132,0.002669600013177842,0.0021198999893385917,2.752865726479814,7600023.021809498,8373656.614975529,8050754.850873983,8050754.850873983
CON3-0,moderate,SAA,search,16,0.9301,9301,10000,1,ambiguous,0,1,0.005302499979734421,0.0023219000140670687,0.001998000021558255,2.6539038651255678,7600023.021809498,8373656.614975529,8025236.862227264,8025236.862227265
CON3-0,moderate,SAA,search,16,0.9235,9235,10000,1,ambiguous,0,0,0.004963200015481561,0.002272400015499443,0.0022906999802216887,2.1666739679288924,7763152.86580417,8542426.23945512,8185962.534538165,8185962.534538166
CON3-0,moderate,SAA,search,16,0.9235,9235,10000,1,ambiguous,0,0,0.005570399982389063,0.0027707999979611486,0.0022366000048350543,2.490566024477797,7763152.86580417,8542426.23945512,8185962.534538166,8185962.534538166
CON3-0,moderate,SAA,search,16,0.9235,9235,10000,1,ambiguous,0,0,0.005406899988884106,0.0022819000005256385,0.0021228000114206225,2.5470604672108017,7763152.86580417,8542426.23945512,8191455.747343601,8191455.747343601
CON3-0,moderate,SAA,search,16,0.9161,9161,10000,1,ambiguous,0,0,0.00545970001257956,0.0025800000003073364,0.001884299999801442,2.897468562943733,7992776.863397373,8773649.300795507,8416222.04923805,8416222.04923805
CON3-0,moderate,SAA,search,16,0.9161,9161,10000,1,ambiguous,0,0,0.0053214999788906425,0.002327999973203987,0.0019899000180885196,2.674254952770154,7992776.863397373,8773649.300795507,8416222.04923805,8416222.04923805
CON3-0,moderate,SAA,search,16,0.9161,9161,10000,1,ambiguous,0,0,0.0054567999904975295,0.002355300006456673,0.0020379000052344054,2.677658362275666,7992776.863397373,8773649.300795507,8421453.934058998,8421453.934059
CON3-0,moderate,SAA,search,16,0.9333,9333,10000,1,ambiguous,0,1,0.006137400021543726,0.0023267999931704253,0.0021788000012747943,2.816871680720027,7345836.907303436,8108465.067285679,7762846.6396724135,7762846.639672414
CON3-0,moderate,SAA,search,16,0.9333,9333,10000,1,ambiguous,0,1,0.005245599983027205,0.002311599993845448,0.002368100016610697,2.215109136536759,7345836.907303436,8108465.067285679,7762846.6396724135,7762846.639672414
CON3-0,moderate,SAA,search,16,0.9333,9333,10000,1,ambiguous,0,1,0.005279900011373684,0.002275900013046339,0.0027271999861113727,1.9360149744288186,7345836.907303436,8108465.067285679,7764894.425067304,7764894.425067305
CON3-0,moderate,SAA,search,10,0.8918,8918,10000,1,ambiguous,0,1,0.003218800004106015,0.0011149999918416142,0.0011603000166360289,2.7741101076926995,7541381.190222265,8184209.717967786,7878630.151364634,7878630.151364634
CON3-0,moderate,SAA,search,14,0.7976,7976,10000,1,ambiguous,0,1,0.0041625000012572855,0.0016641999827697873,0.0018110000237356871,2.298453863446661,7645823.434407342,8277031.876258548,7978065.441318918,7978065.441318918
CON3-0,moderate,SAA,search,14,0.6796,6796,10000,1,certified_infeasible,1,0,0.003977899992605671,0.001657500019064173,0.001853100024163723,2.1466191466922244,8173437.481116673,8666354.101413986,8439653.324092044,8439653.324092044
CON3-0,moderate,SAA,search,16,0.8539,8539,10000,1,certified_infeasible,1,0,0.0052909000078216195,0.002421100012725219,0.002222699986305088,2.3803932336441695,8131035.560912768,8814234.791064452,8495252.145587562,8495252.145587562
CON3-0,moderate,SAA,search,16,0.8539,8539,10000,1,certified_infeasible,1,0,0.005251599999610335,0.0021590999967884272,0.002340500010177493,2.2437940511745937,8131035.560912768,8814234.791064452,8495252.145587562,8495252.145587562
CON3-0,moderate,SAA,search,16,0.9389,9389,10000,1,certified_feasible,1,1,0.005471799988299608,0.0026098999951500446,0.002019900013692677,2.7089459632689175,7217257.0502124885,7977665.268974747,7635312.82198894,7635312.82198894
CON3-0,moderate,SAA,search,16,0.9389,9389,10000,1,certified_feasible,1,1,0.005709999997634441,0.0029443000094033778,0.0022748000046703964,2.5101107727761685,7217257.0502124885,7977665.268974747,7635312.82198894,7635312.82198894
CON3-0,moderate,SAA,search,16,0.9389,9389,10000,1,certified_feasible,1,1,0.006161199999041855,0.0026409999991301447,0.002675499999895692,2.3028219021798013,7217257.0502124885,7977665.268974747,7635339.954509592,7635339.954509592
CON3-0,moderate,SAA,search,10,0.8941,8941,10000,1,certified_feasible,1,1,0.0030821000109426677,0.0010237999958917499,0.0008846000127959996,3.484173599772986,7322091.3113467805,7952519.522492947,7653161.399741482,7653161.39974148
CON3-0,moderate,SAA,search,10,0.8873,8873,10000,1,certified_feasible,1,1,0.0025590999866835773,0.000912199990125373,0.0010042000212706625,2.548396666478283,7322156.477043471,7937652.230049417,7629960.968439506,7629960.968439506
CON3-0,moderate,SAA,search,14,0.7737,7737,10000,1,certified_feasible,1,1,0.004362599982414395,0.0018654000014066696,0.0018072999955620617,2.41387705036631,7415983.879826803,7951163.710449888,7706854.138489985,7706854.138489985
CON3-0,moderate,SAA,search,16,0.93,9300,10000,1,ambiguous,0,1,0.005237700010184199,0.002238999994006008,0.002005799993639812,2.611277309199528,7475743.736488702,8243600.566545945,7900253.122619099,7900253.122619099
CON3-0,moderate,SAA,search,16,0.93,9300,10000,1,ambiguous,0,1,0.004975000018021092,0.0022532000148203224,0.0020355999877210706,2.4439968795592244,7475743.736488702,8243600.566545945,7900253.122619099,7900253.122619099
CON3-0,moderate,SAA,search,16,0.93,9300,10000,1,ambiguous,0,1,0.0052137000020593405,0.0022421000176109374,0.0022760999854654074,2.29062872253095,7475743.736488702,8243600.566545945,7897764.0488004135,7897764.0488004135
CON3-0,moderate,SAA,search,14,0.8145,8145,10000,1,ambiguous,0,1,0.004444999998668209,0.0017451999883633107,0.0019702000136021525,2.256116114090028,7626133.650857292,8207932.459684154,7954360.257683589,7954360.257683589
CON3-0,moderate,SAA,search,14,0.8145,8145,10000,1,ambiguous,0,1,0.00502119999146089,0.0021980000019539148,0.0018804999999701977,2.670140915469538,7626133.650857292,8207932.459684154,7949083.851909129,7949083.851909128
CON3-0,moderate,SAA,search,10,0.892,8920,10000,1,certified_feasible,1,1,0.0030209999822545797,0.0013289999915286899,0.0009393000218551606,3.2162247545656033,7218187.839768934,7838667.908426007,7543741.554337971,7543741.554337972
CON3-0,moderate,SAA,search,15,0.8086,8086,10000,1,ambiguous,0,0,0.004699900018749759,0.002043900021817535,0.00209489997359924,2.2434961468231234,7781511.149526876,8371913.598636019,8122735.027953568,8122735.027953567
CON3-0,moderate,SAA,search,16,0.9355,9355,10000,1,ambiguous,0,1,0.005523600004380569,0.0025514000153634697,0.0021855999948456883,2.5272694076715334,7355433.777749342,8120499.733084206,7779605.465503595,7779605.465503595
CON3-0,moderate,SAA,search,11,0.8979,8979,10000,1,certified_feasible,1,1,0.0030467000033240765,0.0010878999892156571,0.0013564999972004443,2.246000744277096,7308172.403792795,7940509.595803911,7624547.038986603,7624547.038986602
CON3-0,moderate,SAA,search,15,0.8089,8089,10000,1,ambiguous,0,1,0.004842899972572923,0.0020212999952491373,0.002040899998974055,2.3729236978820185,7746174.004022789,8332514.017267616,8076608.239277341,8076608.239277341
CON3-0,moderate,SAA,search,16,0.9406,9406,10000,1,ambiguous,0,1,0.005342299991752952,0.002528299984987825,0.0020914000051561743,2.554413301416253,7314644.245020664,8088168.547749781,7739710.949773055,7739710.949773055
CON3-0,moderate,SAA,search,16,0.9406,9406,10000,1,ambiguous,0,1,0.00566420002724044,0.0024544000043533742,0.0024193999997805804,2.3411589765041483,7314644.245020664,8088168.547749781,7739710.949773055,7739710.949773055
CON3-0,moderate,SAA,search,16,0.9406,9406,10000,1,ambiguous,0,1,0.005002799996873364,0.002237100008642301,0.002276899991557002,2.1971979513480178,7314644.245020664,8088168.547749781,7739817.8110418115,7739817.8110418115
CON3-0,moderate,SAA,search,17,0.8317,8317,10000,1,certified_infeasible,1,0,0.005404600000474602,0.002529499994125217,0.0021677000040654093,2.4932416802779693,8308854.244491524,8923885.443303583,8651328.8841596,8651328.8841596
CON3-0,moderate,SAA,search,17,0.847,8470,10000,1,certified_infeasible,1,0,0.005632199987303466,0.00231719997827895,0.002203600015491247,2.5559084896121145,8216328.614089352,8902450.193362812,8591309.966538524,8591309.966538524
CON3-0,moderate,SAA,search,17,0.847,8470,10000,1,certified_infeasible,1,0,0.005320700001902878,0.0024462000001221895,0.0021628999966196716,2.459984285088739,8216328.614089352,8902450.193362812,8591309.966538524,8591309.966538524
CON3-0,moderate,SAA,search,16,0.864,8640,10000,1,ambiguous,0,0,0.005106199998408556,0.002535200008423999,0.002144199999747798,2.3814009882516327,8069594.413250919,8756082.124070736,8445432.965847384,8445432.965847384
CON3-0,moderate,SAA,search,15,0.9148,9148,10000,1,ambiguous,0,0,0.00505819998215884,0.0023142999853007495,0.0019650000031106174,2.5741475695428253,7971408.890465459,8691104.15181982,8357445.3482775455,8357445.3482775455
CON3-0,moderate,SAA,search,16,0.8085,8085,10000,1,certified_feasible,1,1,0.00509680001414381,0.0020828999986406416,0.0019576999766286463,2.603463285993907,7440194.931991661,7989255.110419678,7728570.697077263,7728570.697077264
CON3-0,moderate,SAA,search,16,0.8236,8236,10000,1,certified_feasible,1,1,0.004993699985789135,0.0021037000115029514,0.0023641999869141728,2.1122155542801893,7420586.357926032,7981353.028979447,7716679.076314754,7716679.076314755
CON3-0,moderate,SAA,search,16,0.8236,8236,10000,1,certified_feasible,1,1,0.00514720001956448,0.00219870000728406,0.0020397999905981123,2.523384666775693,7420586.357926032,7981353.028979447,7716679.076314754,7716679.076314755
CON3-0,moderate,SAA,search,15,0.939,9390,10000,1,certified_infeasible,1,0,0.005219799990300089,0.0022561000077985227,0.00198529998306185,2.629224819842993,8089766.23645846,8872835.53121204,8533578.109159311,8533578.109159311
CON3-0,moderate,SAA,search,15,0.8635,8635,10000,1,certified_infeasible,1,0,0.005004800012102351,0.001886400015791878,0.0018687999981921166,2.6780822008476086,8214747.320247091,8878159.52794102,8573650.64129004,8573650.64129004
CON3-0,moderate,SAA,search,17,0.7887,7887,10000,1,certified_infeasible,1,0,0.005225799977779388,0.0021926999907009304,0.002232200000435114,2.341098457468302,8141890.126293936,8719065.369973816,8444730.938298203,8444730.938298203
CON3-0,moderate,SAA,search,17,0.7887,7887,10000,1,certified_infeasible,1,0,0.005546300002606586,0.002209800004493445,0.002154099987819791,2.5747644185357017,8141890.126293936,8719065.369973816,8444730.938298203,8444730.938298203
CON3-0,moderate,SAA,search,17,0.8161,8161,10000,1,certified_infeasible,1,0,0.005092500010505319,0.002122900012182072,0.0022277999960351735,2.285887431353113,8222969.450445912,8845960.213240726,8552257.558106631,8552257.558106631
CON3-0,moderate,SAA,search,17,0.8161,8161,10000,1,certified_infeasible,1,0,0.005438000021968037,0.0022686000156681985,0.002219899994088337,2.4496599110093253,8222969.450445912,8845960.213240726,8552257.558106631,8552257.558106631
CON3-0,moderate,SAA,search,15,0.905,9050,10000,1,certified_infeasible,1,0,0.004848499986110255,0.002207999990787357,0.001988900010474026,2.4377796573869412,8225561.74295353,8932704.953149056,8656039.577476898,8656039.577476896
CON3-0,moderate,SAA,search,10,0.8708,8708,10000,1,ambiguous,0,1,0.0030537999991793185,0.0012449999921955168,0.0011557000107131898,2.6423812156017883,7621141.169323619,8243954.240420824,7954433.788927505,7954433.788927505
CON3-0,moderate,SAA,search,10,0.7566,7566,10000,1,certified_infeasible,1,0,0.0028128999983891845,0.0008415000047534704,0.0010349999938625842,2.717777792337504,8087664.895270933,8628885.293207007,8367025.401675149,8367025.401675149
CON3-0,moderate,SAA,search,15,0.886,8860,10000,1,certified_infeasible,1,0,0.0048454999923706055,0.0020244999905116856,0.0020810000132769346,2.328447843083112,8172113.717578102,8863168.71582267,8557559.721739175,8557559.721739175
CON3-0,moderate,SAA,search,17,0.8606,8606,10000,1,ambiguous,0,0,0.005515699973329902,0.002608599985251203,0.0021558000007644296,2.5585397399453003,7952144.544565855,8641819.786938334,8337369.031614353,8337369.031614354
CON3-0,moderate,SAA,search,11,0.8106,8106,10000,1,certified_infeasible,1,0,0.003554899973096326,0.001068799989297986,0.0013605999993160367,2.6127443590205406,8203056.401536783,8806080.223950367,8525600.138699604,8525600.138699604
CON3-0,moderate,SAA,search,15,0.9468,9468,10000,1,ambiguous,0,0,0.005396199994720519,0.002402600017376244,0.0022247000015340745,2.42558546815278,7756179.2872987185,8518255.462503416,8217570.850360861,8217570.850360861
CON3-0,moderate,SAA,search,15,0.8725,8725,10000,1,certified_infeasible,1,0,0.004730000015115365,0.0020560000266414136,0.001839499978814274,2.5713509484051653,8130075.638823826,8805581.434063984,8522954.425271234,8522954.425271232
CON3-0,moderate,SAA,search,17,0.7994,7994,10000,1,ambiguous,0,0,0.005650400009471923,0.0023600000131409615,0.0023625999747309834,2.3916025014413638,8014561.520338694,8585660.373861313,8336195.79752757,8336195.79752757
CON3-0,moderate,SAA,search,17,0.8161,8161,10000,1,certified_infeasible,1,0,0.005233600008068606,0.0022624000266660005,0.002282499975990504,2.2929244526267545,8222969.450445912,8845960.213240726,8552257.558106631,8552257.558106631
CON3-0,moderate,SAA,search,17,0.7876,7876,10000,1,ambiguous,0,0,0.005085599987069145,0.0023779000039212406,0.0021148000087123364,2.4047663921496176,7944787.252103013,8525015.509843007,8250425.158013252,8250425.158013252
CON3-0,moderate,SAA,search,11,0.8608,8608,10000,1,ambiguous,0,0,0.0031076000013854355,0.0010794999834615737,0.000953600014327094,3.2588086773240117,7970611.259212038,8612013.327297825,8316311.709142201,8316311.709142202
CON8-0,moderate,SAA,search,6,0.9916,9916,10000,1,ambiguous,0,1,0.0024651999992784113,0.0008187999774236232,0.0005440000095404685,4.531617566258561,2785822.799667186,3154041.553529675,2988634.8234774247,2988634.8234774247
CON8-0,moderate,SAA,search,6,0.7789,7789,10000,1,ambiguous,0,0,0.0021878000115975738,0.0006852000078652054,0.0008604000031482428,2.5427708084522473,2989428.6388095967,3172673.8541108617,3086480.2507473086,3086480.2507473086
CON8-0,moderate,SAA,search,6,0.938,9380,10000,1,certified_infeasible,1,0,0.0026871000009123236,0.0009487000061199069,0.0006763999990653247,3.9726493267673875,3057047.9721648684,3412285.382851364,3250316.526508196,3250316.526508196
CON8-0,moderate,SAA,search,6,0.9916,9916,10000,1,ambiguous,0,1,0.0025963000080082566,0.0007982999959494919,0.0006348000024445355,4.0899495872876965,2759114.9745068396,3116536.081121916,2955226.59247634,2955226.59247634
CON8-0,moderate,SAA,search,5,0.7945,7945,10000,1,ambiguous,0,1,0.00229800000670366,0.0005491999909281731,0.0006203000084497035,3.7046589962927454,2867665.9010816547,3097506.6026799534,2990741.543691173,2990741.543691173
CON8-0,moderate,SAA,search,7,0.8804,8804,10000,1,ambiguous,0,1,0.0026421000075060874,0.0008246999932453036,0.000675299990689382,3.9124834057955367,2811078.2985897055,3038835.822954417,2933204.683923723,2933204.683923723
CON8-0,moderate,SAA,search,7,0.8804,8804,10000,1,ambiguous,0,1,0.0026015999901574105,0.0006255999905988574,0.0005578999989666045,4.663201281549277,2811078.2985897055,3038835.822954417,2933204.683923723,2933204.683923723
CON8-0,moderate,SAA,search,7,0.8864,8864,10000,1,ambiguous,0,1,0.0024616000009700656,0.0007043000077828765,0.0006772000051569194,3.6349674870419837,2896977.1805826654,3137083.5510759098,3026105.217088551,3026105.217088551
CON8-0,moderate,SAA,search,7,0.9906,9906,10000,1,ambiguous,0,0,0.0029261999879963696,0.0008342999790329486,0.00068450000253506,4.274945182117059,2864718.049754896,3224931.410272815,3062169.218966997,3062169.218966997
CON8-0,moderate,SAA,search,7,0.8284,8284,10000,1,certified_infeasible,1,0,0.0030266999965533614,0.000925499974982813,0.0006922000029589981,4.3725801554679355,3061900.095361925,3290279.58799932,3183694.51240251,3183694.5124025103
CON8-0,moderate,SAA,search,7,0.9747,9747,10000,1,certified_infeasible,1,0,0.0025104999949689955,0.0007798000006005168,0.0005631000094581395,4.458355448057623,3037173.906990144,3415307.0400723936,3245671.477312614,3245671.477312614
CON8-0,moderate,SAA,search,7,0.9747,9747,10000,1,certified_infeasible,1,0,0.0026070000021718442,0.0007990000012796372,0.0007329999934881926,3.5566166784881954,3037173.906990144,3415307.0400723936,3245690.931292242,3245690.931292242
CON8-0,moderate,SAA,search,4,0.7775,7775,10000,1,ambiguous,0,0,0.0021015999955125153,0.0005810000002384186,0.0002919000107795,7.199725652288704,2964382.781344954,3278989.79012792,3131645.913890215,3131645.913890215
CON8-0,moderate,SAA,search,6,0.7789,7789,10000,1,ambiguous,0,0,0.002555200015194714,0.0006158000032883137,0.000846399983856827,3.018903667213372,2989428.6388095967,3172673.8541108617,3086480.2507473086,3086480.2507473086
CON8-0,moderate,SAA,search,4,0.9089,9089,10000,1,ambiguous,0,0,0.0025578000058885664,0.0007723000016994774,0.0005010000022593886,5.105389210286444,2918665.600278198,3235215.5447947443,3086124.4764654115,3086124.476465412
CON8-0,moderate,SAA,search,4,0.8565,8565,10000,1,ambiguous,0,1,0.002155099995434284,0.0005478000093717128,0.00025329997879453003,8.508093864399578,2833267.0188231496,3102838.1678008023,2976887.481705422,2976887.4817054225
CON8-0,moderate,SAA,search,4,0.9365,9365,10000,1,ambiguous,0,0,0.002274099999340251,0.0005629000079352409,0.00028989999555051327,7.844429231610675,3011371.707719203,3282967.4887912488,3156505.431784829,3156505.431784829
CON8-0,moderate,SAA,search,6,0.7515,7515,10000,1,certified_infeasible,1,0,0.002356400014832616,0.0005523000145331025,0.0006407999899238348,3.6772784829673553,3049426.966828603,3257682.568064487,3158360.1960942233,3158360.1960942233
CON8-0,moderate,SAA,search,4,0.9846,9846,10000,1,ambiguous,0,0,0.0021437999967020005,0.0006402999861165881,0.00038880002102814615,5.513888582189161,2918979.411056239,3283405.4501606827,3131705.4913644115,3131705.4913644115
CON8-0,moderate,SAA,search,5,0.9966,9966,10000,1,ambiguous,0,1,0.0023569000186398625,0.0007887000101618469,0.0006531999970320612,3.608236419701297,2718035.0861461484,3065900.376403311,2909129.249495107,2909129.249495107
CON8-0,moderate,SAA,search,6,0.9916,9916,10000,1,ambiguous,0,1,0.0021735000191256404,0.0006896000122651458,0.0008014999912120402,2.7117904466085414,2755703.2677332717,3111432.496174423,2950804.3849173435,2950804.3849173435
CON8-0,moderate,SAA,search,5,0.9153,9153,10000,1,ambiguous,0,0,0.0022987000120338053,0.0005541999998968095,0.0003643999807536602,6.308178192763848,2938890.5559354466,3255599.585433155,3110416.4897788553,3110416.4897788553
CON8-0,moderate,SAA,search,5,0.9153,9153,10000,1,ambiguous,0,0,0.002415900002233684,0.0006241000082809478,0.0005305999948177487,4.553147429003465,2938890.5559354466,3255599.585433155,3110503.731930429,3110503.731930429
CON8-0,moderate,SAA,search,4,0.9407,9407,10000,1,ambiguous,0,0,0.002219800022430718,0.0006658000056631863,0.0002846999850589782,7.7969797644031,3022122.113100612,3303599.045452277,3172219.273165473,3172219.273165473
CON8-0,moderate,SAA,search,6,0.7957,7957,10000,1,certified_infeasible,1,0,0.002056600002106279,0.0006428000051528215,0.00062369997613132,3.2974187603195646,3070311.497776906,3289228.282861823,3202510.5623422926,3202510.5623422926
CON8-0,moderate,SAA,search,5,0.9375,9375,10000,1,ambiguous,0,1,0.0022929999977350235,0.0006194000015966594,0.0005201000021770597,4.4087675218936235,2699768.379370199,3038602.230187574,2883171.353286278,2883171.353286278
CON8-0,moderate,SAA,search,5,0.8476,8476,10000,1,certified_infeasible,1,0,0.002232500002719462,0.0006576000014320016,0.0005156999977771193,4.329067311115885,3081638.3402883234,3406604.601440504,3255566.585059937,3255566.585059937
CON8-0,moderate,SAA,search,5,0.8476,8476,10000,1,certified_infeasible,1,0,0.002379200013820082,0.0006732000038027763,0.000538699998287484,4.416558420982938,3081638.3402883234,3406604.601440504,3255686.1367837265,3255686.136783727
CON8-0,moderate,SAA,search,7,0.9765,9765,10000,1,ambiguous,0,1,0.0031171999871730804,0.0010250999766867608,0.0006336000224109739,4.919823038060377,2740973.7563909465,3073492.9985976946,2923467.0000361563,2923467.0000361567
CON8-0,moderate,SAA,search,6,0.9763,9763,10000,1,certified_infeasible,1,0,0.002448499988531694,0.0007925999816507101,0.0006359000108204782,3.850448100122667,3100061.6624273057,3453122.7212363025,3291628.7522576186,3291628.7522576186
CON8-0,moderate,SAA,search,5,0.9732,9732,10000,1,certified_infeasible,1,0,0.0019137999915983528,0.0006135999865364283,0.00039590001688338816,4.83404877490081,3037010.505636791,3371002.612696688,3217367.251826888,3217367.251826888
CON8-0,moderate,SAA,search,5,0.9538,9538,10000,1,certified_infeasible,1,0,0.0018690000288188457,0.0005880000244360417,0.0003293000045232475,5.675675685230368,3063245.172971323,3371003.7513714693,3226850.4335236503,3226850.4335236503
CON8-0,moderate,SAA,search,7,0.9874,9874,10000,1,ambiguous,0,0,0.0023236999986693263,0.0006762999983038753,0.0005751999851781875,4.039812341006028,2944140.5356237614,3317520.0374495466,3149943.3477301267,3149943.347730126
CON8-0,moderate,SAA,search,7,0.9874,9874,10000,1,ambiguous,0,0,0.002609300019685179,0.0006904000183567405,0.0004868999822065234,5.35900619231984,2944140.5356237614,3317520.0374495466,3149943.347730127,3149943.347730126
CON8-0,moderate,SAA,search,4,0.9769,9769,10000,1,ambiguous,0,0,0.0023287000076379627,0.0007021000201348215,0.00035039999056607485,6.645833534058958,2914393.861184247,3234338.6619906737,3088282.3306426187,3088282.330642619
CON8-0,moderate,SAA,search,5,0.8915,8915,10000,1,certified_infeasible,1,0,0.0023354000004474074,0.0007467000104952604,0.00035519999801181257,6.574887425449088,3177994.7939236984,3479369.4460193473,3336130.604390215,3336130.604390215
CON8-0,moderate,SAA,search,4,0.8291,8291,10000,1,ambiguous,0,0,0.0022041999909561127,0.0005112999933771789,0.00026660002185963094,8.26781624240323,3005405.0195999853,3270066.5996909644,3142963.203389216,3142963.2033892167
CON8-0,moderate,SAA,search,5,0.9918,9918,10000,1,certified_infeasible,1,0,0.0026689999795053154,0.0008464000129606575,0.00040580000495538116,6.5771314610969,3067020.869616123,3427677.9064750243,3266038.349942422,3266038.349942422
CON8-0,moderate,SAA,search,7,0.9874,9874,10000,1,ambiguous,0,0,0.0026097000227309763,0.0008873000042513013,0.000616599980276078,4.232403675333403,2944140.5356237614,3317520.0374495466,3149943.3477301267,3149943.347730126
CON8-0,moderate,SAA,search,7,0.9874,9874,10000,1,ambiguous,0,0,0.0025726000021677464,0.0008017999934963882,0.0004644000146072358,5.539620846789833,2944140.5356237614,3317520.0374495466,3149943.347730127,3149943.347730126
CON8-0,moderate,SAA,search,7,0.8744,8744,10000,1,ambiguous,0,0,0.002241799986222759,0.0006107999943196774,0.0006395000091288239,3.5055511402989836,2973140.238089318,3211154.542128574,3100637.3379611806,3100637.3379611806
CON8-0,moderate,SAA,search,5,0.5296,5296,10000,1,certified_infeasible,1,0,0.0024295999901369214,0.0004700999998021871,0.00041190002229996026,5.898518714737044,3184336.7550898474,3345343.1397430473,3266879.752967884,3266879.752967884
CON8-0,moderate,SAA,search,6,0.9914,9914,10000,1,ambiguous,0,1,0.002300199994351715,0.000680199998896569,0.0004527999844867736,5.07994715803464,2689476.5832349565,3052946.8122075074,2885768.5266615474,2885768.5266615474
CON8-0,moderate,SAA,search,6,0.9491,9491,10000,1,ambiguous,0,0,0.0026630000211298466,0.000898600002983585,0.0005466000002343208,4.871935638471005,2856721.868231722,3209980.0694012027,3050556.4030648554,3050556.4030648554
CON8-0,moderate,SAA,search,5,0.9849,9849,10000,1,ambiguous,0,1,0.0025526999961584806,0.0007696999819017947,0.0004555000050459057,5.604171169880047,2797011.56313892,3125681.1195489042,2975651.018550532,2975651.0185505315
CON8-0,moderate,SAA,search,6,0.7673,7673,10000,1,certified_feasible,1,1,0.0021701999939978123,0.0005287000094540417,0.0005778000049758703,3.7559708814617316,2806475.159591649,2974844.1030210876,2896099.2009424116,2896099.2009424116
CON8-0,moderate,SAA,search,6,0.9464,9464,10000,1,ambiguous,0,0,0.0026206000184174627,0.0007538000063505024,0.0007634999928995967,3.4323510711048324,3021322.22192249,3391009.938945225,3225680.9590480863,3225680.959048086
CON8-0,moderate,SAA,search,5,0.9867,9867,10000,1,ambiguous,0,0,0.0024027999897953123,0.0007936999900266528,0.0005619000003207475,4.276205709955027,2974003.5459189457,3321795.199493668,3163215.722877286,3163215.722877286
CON8-0,moderate,SAA,search,6,0.8676,8676,10000,1,ambiguous,0,0,0.002653900010045618,0.0006969000096432865,0.0005000999954063445,5.306738721101674,2966466.691879886,3170377.50091426,3077496.6586050703,3077496.6586050703
CON8-0,moderate,SAA,search,5,0.9035,9035,10000,1,ambiguous,0,1,0.002160800009733066,0.0006639999919570982,0.0005036999937146902,4.289855145316924,2787814.9675306245,3032714.275984394,2916398.661301542,2916398.661301542
CON8-0,moderate,SAA,search,6,0.9912,9912,10000,1,ambiguous,0,1,0.0023942000116221607,0.0007836000004317611,0.0007269000052474439,3.293713020138377,2768322.673244991,3132001.4818553496,2966658.0254122633,2966658.025412263
CON8-0,moderate,SAA,search,5,0.985,9850,10000,1,ambiguous,0,0,0.0021514999971259385,0.0007656999805476516,0.0007956000044941902,2.7042483471248517,2871905.9231609423,3205446.1950004837,3053086.1584894904,3053086.1584894904
CON8-0,moderate,SAA,search,6,0.8475,8475,10000,1,ambiguous,0,1,0.002346699999179691,0.0007190000033006072,0.0007803000044077635,3.007433020535227,2861393.004529843,3054230.3579055225,2964248.57757907,2964248.57757907
CON8-0,moderate,SAA,search,6,0.9514,9514,10000,1,certified_feasible,1,1,0.0024716999905649573,0.0007887000101618469,0.0007002000056672841,3.529991388973855,2692786.91754483,2998619.030540572,2859263.864600862,2859263.8646008624
CON8-0,moderate,SAA,search,6,0.9857,9857,10000,1,ambiguous,0,0,0.0022859000018797815,0.0007714999956078827,0.0006253999890759587,3.6551008023796827,2867161.816623612,3225280.2757300627,3061900.019948179,3061900.019948179
CON8-0,moderate,SAA,search,6,0.9906,9906,10000,1,certified_infeasible,1,0,0.0034926000225823373,0.0009654000168666244,0.000685799983330071,5.0927385644180925,3032431.9984264732,3410284.4454601966,3239677.0946352826,3239677.0946352826
CON8-0,moderate,SAA,search,6,0.9111,9111,10000,1,certified_infeasible,1,0,0.0026308999804314226,0.0007139999943319708,0.0006068000220693648,4.335695261610716,3045637.5132622463,3317191.206178976,3188532.714490562,3188532.714490562
CON8-0,moderate,SAA,search,6,0.9718,9718,10000,1,ambiguous,0,1,0.002693699992960319,0.0008344999805558473,0.0005464999994728714,4.929002736612145,2712091.884552635,3055875.1692255386,2901431.887102699,2901431.8871026984
CON8-0,moderate,SAA,search,6,0.951,9510,10000,1,ambiguous,0,0,0.0020770000119227916,0.0007084000098984689,0.00069039998925291,3.008400991098418,2919949.1740779066,3278611.1196530727,3115275.3043693607,3115275.3043693597
CON8-0,moderate,SAA,search,6,0.7673,7673,10000,1,ambiguous,0,1,0.0021761999814771116,0.000621499988483265,0.0006496999994851649,3.3495459184263128,2871099.632281867,3041679.4587810584,2961959.2832893888,2961959.2832893888
CON8-0,moderate,SAA,search,6,0.9682,9682,10000,1,certified_feasible,1,1,0.0024141999892890453,0.0008343000081367791,0.0006606999959331006,3.6540033360821997,2664120.895935166,2994662.3668686715,2845461.4018557607,2845461.4018557607
CON8-0,moderate,SAA,search,6,0.9896,9896,10000,1,ambiguous,0,0,0.0021672000002581626,0.0007336999988183379,0.000620599981630221,3.492104518864568,2869492.369692486,3243999.5529990946,3073206.763923412,3073206.763923412
CON8-0,moderate,SAA,search,7,0.9397,9397,10000,1,ambiguous,0,1,0.0023449000145774335,0.0007476999890059233,0.0008409000001847744,2.7885598930457594,2818535.5885265674,3088408.7518896703,2964046.183031983,2964046.183031983
CON8-0,moderate,SAA,search,6,0.9579,9579,10000,1,ambiguous,0,1,0.002247299998998642,0.0008085000154096633,0.0005878999945707619,3.822588909257335,2766353.3344664383,3120877.7852097265,2960768.264183548,2960768.264183548
CON8-0,moderate,SAA,search,6,0.9579,9579,10000,1,ambiguous,0,1,0.002271000004839152,0.0007068999984767288,0.0006420999998226762,3.536832277630146,2766353.3344664387,3120877.7852097265,2960737.31774963,2960737.3177496307
CON8-0,moderate,SAA,search,6,0.9906,9906,10000,1,ambiguous,0,1,0.002685499988729134,0.0008444999984931201,0.0005871000175829977,4.574178007667132,2775767.335151329,3121245.923220343,2965415.869184688,2965415.869184688
CON8-0,moderate,SAA,search,6,0.9376,9376,10000,1,ambiguous,0,1,0.0025716000236570835,0.0009529000089969486,0.0006532999977935106,3.9363233313065047,2776608.554012031,3044148.5165896444,2918133.75095641,2918133.75095641
CON8-0,moderate,SAA,search,6,0.9439,9439,10000,1,ambiguous,0,0,0.002325499983271584,0.0007867999956943095,0.0007260999991558492,3.202726877806319,3024951.8137242342,3383195.875954975,3219953.432179793,3219953.4321797932
CON8-0,moderate,SAA,search,6,0.7776,7776,10000,1,certified_infeasible,1,0,0.0020141999993938953,0.0005863999831490219,0.0003954000130761415,5.0940817723393055,3095683.9804347144,3285722.4131097044,3196965.731141821,3196965.731141821
CON8-0,moderate,SAA,search,4,0.7775,7775,10000,1,ambiguous,0,0,0.00208170001860708,0.0006142000202089548,0.00036249999538995326,5.7426208140160835,2964382.781344954,3278989.79012792,3131645.913890215,3131645.913890215
CON8-0,moderate,SAA,search,6,0.9218,9218,10000,1,ambiguous,0,1,0.0021413000067695975,0.0007164999842643738,0.0006241000082809478,3.431020635086516,2815435.4401255865,3089694.5570265693,2965834.568684103,2965834.568684103
CON8-0,moderate,SAA,search,6,0.9445,9445,10000,1,certified_infeasible,1,0,0.0026098000234924257,0.0007802000036463141,0.0006609999982174486,3.948260257988506,3177612.4015017883,3570309.9042369053,3390786.9923249455,3390786.9923249455
CON8-0,moderate,SAA,search,6,0.9445,9445,10000,1,certified_infeasible,1,0,0.002284899994265288,0.0006556000153068453,0.0005545000021811575,4.120649206992792,3177612.4015017883,3570309.9042369053,3391980.042803163,3391980.0428031627
CON8-0,moderate,SAA,search,6,0.9343,9343,10000,1,certified_infeasible,1,0,0.002211099985288456,0.0008464999846182764,0.0005761999927926809,3.8373828756433515,3061266.554238769,3426690.827060399,3259819.375662586,3259819.3756625857
CON8-0,moderate,SAA,search,6,0.9587,9587,10000,1,ambiguous,0,1,0.0021462000149767846,0.0006894000107422471,0.0006776999798603356,3.166888119753355,2872730.3944590883,3149765.349464038,3025052.6586828264,3025052.6586828264
CON8-0,moderate,SAA,search,5,0.994,9940,10000,1,ambiguous,0,0,0.002252599981147796,0.0006892999808769673,0.00045900000259280205,4.907625203536591,3020629.3922545235,3394885.7277179873,3228750.2876983183,3228750.287698319
CON8-0,moderate,SAA,search,6,0.9916,9916,10000,1,ambiguous,0,1,0.0021988000080455095,0.000687899999320507,0.0005527999892365187,3.9775688329558556,2759114.9745068396,3116536.081121916,2955226.59247634,2955226.59247634
CON8-0,moderate,SAA,search,7,0.9214,9214,10000,1,certified_infeasible,1,0,0.0023840999929234385,0.0007823000196367502,0.0006988999957684427,3.411217638228933,3087117.1761248484,3378394.2839657315,3243009.1593046123,3243009.1593046123
CON8-0,moderate,SAA,search,7,0.8837,8837,10000,1,certified_infeasible,1,0,0.002278900006785989,0.0007482999935746193,0.0006904999900143594,3.3003621140365227,3064055.6199346143,3312749.5051494287,3197797.8364472515,3197797.8364472515
CON8-0,moderate,SAA,search,6,0.7863,7863,10000,1,certified_infeasible,1,0,0.002175300003727898,0.0005952999927103519,0.0006266999989748001,3.4710387861598955,3058895.7143287454,3245268.696226427,3158110.8466944457,3158110.8466944457
CON8-0,moderate,SAA,search,7,0.9712,9712,10000,1,ambiguous,0,1,0.0024853000068105757,0.0007265000022016466,0.000538399996003136,4.616084742311364,2756309.671682468,3075709.3368768804,2929406.486219742,2929406.486219742
CON8-0,moderate,SAA,search,7,0.9712,9712,10000,1,ambiguous,0,1,0.0031159999780356884,0.0010141999810002744,0.00047560001257807016,6.5517239184769664,2756309.671682468,3075709.3368768804,2929406.486219742,2929406.486219742
CON8-0,moderate,SAA,search,4,0.9909,9909,10000,1,certified_infeasible,1,0,0.002393400005530566,0.0007118000066839159,0.00030709998100064695,7.793553088906,3105572.8697697143,3425874.52758392,3280462.443140856,3280462.443140856
CON8-0,moderate,SAA,search,7,0.9907,9907,10000,1,certified_infeasible,1,0,0.0029313999984879047,0.000993099994957447,0.0007547000132035464,3.8841923243709964,3049757.643628192,3429659.734529196,3258145.617137457,3258145.617137457
CON8-0,moderate,SAA,search,4,0.9978,9978,10000,1,ambiguous,0,1,0.0025513999862596393,0.0007266000029630959,0.00036070001078769565,7.073468006524035,2756271.935031391,3131850.2938913326,2965745.71565266,2965745.71565266
CON8-0,moderate,SAA,search,4,0.9524,9524,10000,1,ambiguous,0,0,0.0018503000028431416,0.0005934999790042639,0.00022860002354718745,8.094049922357964,2909826.6870523077,3180611.1816003914,3056796.8703675224,3056796.8703675224
CON8-0,moderate,SAA,search,7,0.9718,9718,10000,1,ambiguous,0,0,0.0021997000148985535,0.0007969000143930316,0.0011066999868489802,1.9876208918747584,2967207.4994099694,3292699.6245786697,3143541.076141752,3143541.0761417523
CON8-0,moderate,SAA,search,5,0.9557,9557,10000,1,ambiguous,0,0,0.0022440000029746443,0.0005828000139445066,0.000519900000654161,4.316214656955463,3013406.624126606,3362082.503079639,3203685.7504696175,3203685.7504696175
CON8-0,moderate,SAA,search,6,0.9529,9529,10000,1,ambiguous,0,0,0.0022597000061068684,0.0006760999967809767,0.0006898000137880445,3.2758770091895193,2941979.012896573,3305063.244258555,3139088.7746572047,3139088.774657205
CON8-0,moderate,SAA,search,7,0.9602,9602,10000,1,ambiguous,0,0,0.002279699983773753,0.0007135999912861735,0.0005578999989666045,4.086216146256373,2882044.9922910673,3223932.4757126034,3069040.4106646776,3069040.410664678
CON8-0,moderate,SAA,search,5,0.9969,9969,10000,1,ambiguous,0,0,0.0022336000110954046,0.0007895000162534416,0.00035349998506717384,6.318529294056306,2968457.748589693,3333578.70107066,3168478.5838641976,3168478.5838641976
CON8-0,moderate,SAA,search,6,0.9979,9979,10000,1,certified_infeasible,1,0,0.0022117999906186014,0.0006151999987196177,0.0005981000140309334,3.6980437029453213,3110539.3174716597,3602746.43143912,3398647.066518179,3398647.066518179
CON8-0,moderate,SAA,search,6,0.9197,9197,10000,1,certified_feasible,1,1,0.0023311999975703657,0.0006642999942414463,0.0005342999938875437,4.363091941305586,2718844.483730458,2950031.1506046504,2850814.4474729984,2850814.447472998
CON8-0,moderate,SAA,search,6,0.946,9460,10000,1,ambiguous,0,0,0.002555899991421029,0.000676499999826774,0.00043489999370649457,5.876983279852507,2895078.4552445,3251285.8553273124,3089766.362990239,3089766.362990239
CON8-0,moderate,SAA,search,7,0.9899,9899,10000,1,ambiguous,0,0,0.0024960000009741634,0.0008615000115241855,0.0006683999963570386,3.7342908656164586,2868960.068467717,3229276.7422789694,3066325.385243619,3066325.385243619
CON8-0,moderate,SAA,search,5,0.9857,9857,10000,1,ambiguous,0,1,0.00286840001353994,0.0007593000191263855,0.00036089998320676386,7.947908415104026,2792726.638624385,3122083.3151538973,2973731.552731246,2973731.552731246
CON8-0,moderate,SAA,search,5,0.9779,9779,10000,1,ambiguous,0,0,0.0025692000053822994,0.0009255000040866435,0.00039870000910013914,6.443942680565649,3015153.620641201,3347292.8115143594,3194270.6552868015,3194270.6552868015
CON8-0,moderate,SAA,search,5,0.8981,8981,10000,1,certified_feasible,1,1,0.0021421000128611922,0.0006300000241026282,0.0003835999814327806,5.584202597873584,2756208.0988910506,3024653.159292302,2902459.447503494,2902459.447503494
CON8-0,moderate,SAA,search,7,0.9747,9747,10000,1,certified_infeasible,1,0,0.0026836000033654273,0.0008455000061076134,0.0005776000034529716,4.64612186170793,3037173.906990144,3415307.0400723936,3245826.0651907073,3245826.065190707
CON8-0,moderate,SAA,search,7,0.9747,9747,10000,1,certified_infeasible,1,0,0.0026919000083580613,0.0009969999955501407,0.0006220999930519611,4.327117888479417,3037173.906990144,3415307.0400723936,3245688.863965917,3245688.863965917
CON8-0,moderate,SAA,search,7,0.9747,9747,10000,1,certified_infeasible,1,0,0.004404000006616116,0.0007566999993287027,0.0006615000020246953,6.657596361506442,3037173.906990144,3415307.0400723936,3245688.863965917,3245688.863965917
CON8-0,moderate,SAA,search,6,0.7789,7789,10000,1,ambiguous,0,0,0.0025504000077489763,0.0006290000164881349,0.0006660999788437039,3.828854659590691,2989428.6388095967,3172673.8541108617,3086480.2507473086,3086480.2507473086
SCA3-0,moderate,SAA,search,15,0.7382,7382,10000,1,ambiguous,0,0,0.004821500013349578,0.0019745000172406435,0.0020671999955084175,2.3323819774698453,8022930.974647415,8568073.675045822,8311541.10728253,8311541.10728253
SCA3-0,moderate,SAA,search,12,0.9428,9428,10000,1,ambiguous,0,1,0.0034487999801058322,0.0014454999763984233,0.001337599998805672,2.578349269725798,7634436.904161066,8391285.257101372,8045444.085649652,8045444.085649652
SCA3-0,moderate,SAA,search,16,0.6982,6982,10000,1,certified_infeasible,1,0,0.004389199981233105,0.0017050000024028122,0.002036500023677945,2.1552663541374057,8498798.705029264,9045951.425178502,8780679.301160485,8780679.301160485
SCA3-0,moderate,SAA,search,16,0.9357,9357,10000,1,ambiguous,0,0,0.004808400000911206,0.0022418999869842082,0.0019847000075969845,2.4227339056309436,8190772.264332567,9024976.702261247,8638798.619769486,8638798.619769486
SCA3-0,moderate,SAA,search,14,0.9769,9769,10000,1,ambiguous,0,0,0.004818499990506098,0.0023157999967224896,0.0018870000203605741,2.553524079764113,8027586.942009239,8897672.531800726,8505567.626002852,8505567.626002852
SCA3-0,moderate,SAA,search,14,0.911,9110,10000,1,ambiguous,0,0,0.004830299993045628,0.0018471000075805932,0.001803999999538064,2.6775498859659006,8202276.607759518,8897672.531800726,8523806.687865851,8523806.687865851
SCA3-0,moderate,SAA,search,12,0.9427,9427,10000,1,ambiguous,0,1,0.0033827000006567687,0.001212700008181855,0.0011125000019092113,3.0406292088553393,7781066.260693904,8549296.725466985,8196895.579042289,8196895.579042289
SCA3-0,moderate,SAA,search,12,0.9427,9427,10000,1,ambiguous,0,1,0.003367400000570342,0.0013188999728299677,0.001087700016796589,3.095890363675595,7781066.260693904,8549296.725466985,8196895.57904229,8196895.579042289
SCA3-0,moderate,SAA,search,16,0.7521,7521,10000,1,certified_infeasible,1,0,0.004676499986089766,0.0016301999858114868,0.002142000012099743,2.183239943824988,8323552.313058338,8901231.655900719,8631019.478436124,8631019.478436124
SCA3-0,moderate,SAA,search,14,0.7778,7778,10000,1,ambiguous,0,1,0.0043040000018663704,0.001485899992985651,0.0018988999945577234,2.2665753932285537,7789829.641863077,8388887.511687731,8108996.724318114,8108996.724318114
SCA3-0,moderate,SAA,search,14,0.7366,7366,10000,1,ambiguous,0,1,0.004077000019606203,0.0015909000067040324,0.0017985999875236303,2.2667630645430763,7886145.70192022,8440881.707147647,8188893.033289003,8188893.033289002
SCA3-0,moderate,SAA,search,14,0.6995,6995,10000,1,certified_infeasible,1,0,0.0036881999985780567,0.001275799993891269,0.001865199999883771,1.977375079781195,8252370.383503405,8784892.005388066,8529357.013518415,8529357.013518415
SCA3-0,moderate,SAA,search,14,0.7151,7151,10000,1,ambiguous,0,1,0.004183200013358146,0.0014270000101532787,0.0020373999723233283,2.053205099727118,7753328.991640586,8263685.35345862,8033449.567199764,8033449.567199764
SCA3-0,moderate,SAA,search,14,0.7426,7426,10000,1,ambiguous,0,1,0.003884599980665371,0.001531799993244931,0.002418999996734783,1.6058701884699815,7787151.676914535,8320935.12281164,8072672.612314741,8072672.612314741
SCA3-0,moderate,SAA,search,15,0.7272,7272,10000,1,ambiguous,0,0,0.004849099990678951,0.0018005999736487865,0.0019528000266291201,2.4831523579244106,8014341.428059885,8549023.288514903,8297775.003452101,8297775.003452101
SCA3-0,moderate,SAA,search,15,0.7336,7336,10000,1,ambiguous,0,1,0.004643599997507408,0.00171870001940988,0.002116299991030246,2.1942068786036497,7951138.289069161,8485274.88759099,8221453.898990679,8221453.8989906795
SCA3-0,moderate,SAA,search,15,0.7315,7315,10000,1,ambiguous,0,1,0.004662699997425079,0.0017677999858278781,0.0018798999954015017,2.4802915095647085,7841556.199033853,8373382.671967458,8121442.17730022,8121442.17730022
SCA3-0,moderate,SAA,search,15,0.7661,7661,10000,1,certified_feasible,1,1,0.004081100021721795,0.0015623999934177846,0.0018801999976858497,2.170566975186051,7422014.445817082,7961029.059426575,7708099.707780646,7708099.707780647
SCA3-0,moderate,SAA,search,15,0.8153,8153,10000,1,certified_feasible,1,1,0.004655700002331287,0.0018506000051274896,0.0020012000168208033,2.3264541091337496,7417036.918512,8020104.533159331,7764963.243472492,7764963.243472491
SCA3-0,moderate,SAA,search,15,0.8153,8153,10000,1,certified_feasible,1,1,0.00440480001270771,0.0018268999992869794,0.0018347000004723668,2.40082847962808,7417036.918512,8020104.533159331,7764963.24347249,7764963.243472491
SCA3-0,moderate,SAA,search,15,0.7729,7729,10000,1,certified_infeasible,1,0,0.004382399987662211,0.0016678999818395823,0.0021650000126101077,2.024203215767571,8610200.314847507,9239276.201026626,8938467.612114474,8938467.612114476
SCA3-0,moderate,SAA,search,15,0.7729,7729,10000,1,certified_infeasible,1,0,0.004263800015905872,0.0017653999966569245,0.001986699993722141,2.146172058881179,8610200.314847507,9239276.201026626,8934059.407982323,8934059.407982323
SCA3-0,moderate,SAA,search,12,0.9313,9313,10000,1,certified_feasible,1,1,0.00354400000651367,0.0015566999791190028,0.0013553000171668828,2.6149191777640812,7337298.616983521,8054732.623678921,7725245.48346868,7725245.48346868
SCA3-0,moderate,SAA,search,12,0.9315,9315,10000,1,ambiguous,0,0,0.00353509999695234,0.0013682999997399747,0.001103400019928813,3.2038244816965027,8020821.012053186,8793346.776957087,8439469.969429566,8439469.969429566
SCA3-0,moderate,SAA,search,12,0.9315,9315,10000,1,ambiguous,0,0,0.0035957000218331814,0.0013859000173397362,0.001150699972640723,3.124793697162838,8020821.012053186,8793346.776957087,8439469.969429566,8439469.969429566
SCA3-0,moderate,SAA,search,16,0.6982,6982,10000,1,certified_infeasible,1,0,0.005102900002384558,0.0017069999885279685,0.0022236000222619623,2.2948821511494777,8498798.705029264,9045951.425178502,8780679.301160485,8780679.301160485
SCA3-0,moderate,SAA,search,12,0.9359,9359,10000,1,ambiguous,0,1,0.0032850000134203583,0.0010682000138331205,0.0011051000037696213,2.9725816688216913,7775533.018201818,8539682.542862607,8188912.63307246,8188912.63307246
SCA3-0,moderate,SAA,search,16,0.7512,7512,10000,1,ambiguous,0,1,0.0043375999957788736,0.00168009998742491,0.002055399992968887,2.1103434906183405,7934695.312255512,8488246.032775864,8229061.568024203,8229061.568024203
SCA3-0,moderate,SAA,search,16,0.9557,9557,10000,1,certified_infeasible,1,0,0.005227400019066408,0.0024544000043533742,0.0020349999831523746,2.568746959382651,8286431.5496299155,9182090.250322185,8770410.827642864,8770410.827642864
SCA3-0,moderate,SAA,search,11,0.9397,9397,10000,1,ambiguous,0,0,0.003043599979719147,0.001294299989240244,0.001098500011721626,2.7706872528376763,7985728.707646477,8753693.89771833,8401713.980561702,8401713.980561702
SCA3-0,moderate,SAA,search,16,0.9557,9557,10000,1,certified_infeasible,1,0,0.004998200020054355,0.0023504999990109354,0.0021431999921333045,2.332120212019613,8286431.549629916,9182090.250322185,8770410.827642864,8770410.827642864
SCA3-0,moderate,SAA,search,16,0.7245,7245,10000,1,ambiguous,0,0,0.0046956999867688864,0.0018783999839797616,0.002054300013696775,2.2857907586335613,7983609.781291657,8534004.64482314,8278460.255757061,8278460.255757061
SCA3-0,moderate,SAA,search,16,0.9711,9711,10000,1,certified_infeasible,1,0,0.0052097000007051975,0.0023683000181335956,0.0021926999907009304,2.3759292300812374,8411510.196900114,9394002.461306736,8939350.93219424,8939350.93219424
SCA3-0,moderate,SAA,search,12,0.9034,9034,10000,1,ambiguous,0,0,0.0032934000191744417,0.0012780000106431544,0.0012230999709572643,2.6926662557246637,8010988.128266227,8692971.107598467,8375362.657517983,8375362.657517983
SCA3-0,moderate,SAA,search,13,0.9763,9763,10000,1,ambiguous,0,1,0.004184299992630258,0.0014121000131126493,0.0015081999881658703,2.774366811737485,7453728.130772747,8271206.619899602,7910442.058913615,7910442.058913615
SCA3-0,moderate,SAA,search,13,0.9713,9713,10000,1,ambiguous,0,1,0.004364399996120483,0.001385699986713007,0.001225099986186251,3.56248473212942,7641356.76312615,8271206.619899602,7924212.082544901,7924212.082544901
SCA3-0,moderate,SAA,search,13,0.9744,9744,10000,1,ambiguous,0,1,0.0039400999958161265,0.001359499990940094,0.0013344000035431236,2.9527128187607166,7448117.501902807,8254294.75696204,7895882.1558802,7895882.1558802
SCA3-0,moderate,SAA,search,13,0.7567,7567,10000,1,ambiguous,0,1,0.003046600002562627,0.0008187999774236232,0.0016209000023081899,1.8795730755902373,7751067.8144728355,8254294.75696204,7936317.629931674,7936317.629931675
SCA3-0,moderate,SAA,search,12,0.9393,9393,10000,1,ambiguous,0,1,0.003130800003418699,0.001317500020377338,0.0010386999929323792,3.0141523295673287,7772389.565074121,8512286.808904761,8172328.407587673,8172328.407587673
SCA3-0,moderate,SAA,search,13,0.973,9730,10000,1,certified_infeasible,1,0,0.0035820000048261136,0.0012946999922860414,0.001209399983054027,2.9617992847831025,8398838.990545996,9344067.958048698,8909572.143363683,8909572.143363683
SCA3-0,moderate,SAA,search,15,0.7258,7258,10000,1,ambiguous,0,1,0.004300700005842373,0.001666199997998774,0.0019696999806910753,2.1834289729410763,7919097.604974487,8465727.00479522,8206001.645398575,8206001.645398575
SCA3-0,moderate,SAA,search,15,0.9162,9162,10000,1,ambiguous,0,1,0.004888600000413135,0.0022810999944340438,0.0020560999982990324,2.3776080951594616,7653735.892289978,8400665.362949725,8051314.329368249,8051314.329368248
SCA3-0,moderate,SAA,search,13,0.971,9710,10000,1,ambiguous,0,1,0.0037512999842874706,0.0013193000049795955,0.001210899994475767,3.097943679413026,7495823.097393046,8296457.894307859,7934192.811158724,7934192.811158724
SCA3-0,moderate,SAA,search,13,0.971,9710,10000,1,ambiguous,0,1,0.0040169999992940575,0.001407400006428361,0.001485500019043684,2.704139985053699,7495823.097393046,8296457.894307859,7934697.115600816,7934697.115600816
SCA3-0,moderate,SAA,search,13,0.897,8970,10000,1,ambiguous,0,1,0.004029800009448081,0.0012131999828852713,0.0014575000095646828,2.76487134339826,7655003.8109212285,8296457.894307859,7955998.6795086935,7955998.6795086935
SCA3-0,moderate,SAA,search,12,0.9298,9298,10000,1,ambiguous,0,1,0.003070800012210384,0.001041000010445714,0.001007899991236627,3.046730865075923,7656322.986675051,8364383.977071587,8037621.048283503,8037621.048283504
SCA3-0,moderate,SAA,search,12,0.9298,9298,10000,1,ambiguous,0,1,0.0032789999968372285,0.0011146000178996474,0.001111799996579066,2.949271457929926,7656322.986675051,8364383.977071587,8037621.048283503,8037621.048283504
SCA3-0,moderate,SAA,search,16,0.7219,7219,10000,1,ambiguous,0,0,0.004749499988975003,0.001752099982695654,0.0020791999995708466,2.2842920305671965,7964691.541686556,8512407.01937608,8258635.689622952,8258635.689622952
SCA3-0,moderate,SAA,search,16,0.7245,7245,10000,1,ambiguous,0,0,0.004835800005821511,0.001665599993430078,0.0020462000102270395,2.3633075855986077,7983609.781291657,8534004.64482314,8278460.255757061,8278460.255757061
SCA3-0,moderate,SAA,search,16,0.7147,7147,10000,1,ambiguous,0,0,0.004161699995165691,0.0016200999962165952,0.002027900016400963,2.052221490954821,7979391.855745735,8521573.446991388,8272143.607512479,8272143.60751248
SCA3-0,moderate,SAA,search,16,0.7231,7231,10000,1,ambiguous,0,0,0.0043836999975610524,0.0014998999831732363,0.0023360000050161034,1.8765838990359218,7965704.059072271,8513111.481639527,8262434.574958694,8262434.574958694
SCA3-0,moderate,SAA,search,12,0.9427,9427,10000,1,ambiguous,0,1,0.003514499985612929,0.001170800009276718,0.0010584999981801957,3.320264517387965,7781066.260693904,8549296.725466985,8196895.579042289,8196895.57904229
SCA3-0,moderate,SAA,search,12,0.9427,9427,10000,1,ambiguous,0,1,0.00325960002373904,0.001109600008931011,0.001078699977369979,3.02178556792631,7781066.260693904,8549296.725466985,8196895.579042289,8196895.579042289
SCA3-0,moderate,SAA,search,13,0.9347,9347,10000,1,certified_infeasible,1,0,0.0040797000110615045,0.0014612000086344779,0.0014041000104043633,2.905562268236578,8430645.991112456,9250451.714820694,8874515.712523064,8874515.712523064
SCA3-0,moderate,SAA,search,15,0.7809,7809,10000,1,ambiguous,0,1,0.0044849999831058085,0.0016479000041726977,0.002393400005530566,1.8739032225044134,7825093.033265758,8398917.650165986,8121810.906271986,8121810.906271986
SCA3-0,moderate,SAA,search,15,0.7809,7809,10000,1,ambiguous,0,1,0.004809100006241351,0.001735099998768419,0.001973700011149049,2.436591163335703,7825093.033265758,8398917.650165986,8117543.967997358,8117543.967997358
SCA3-0,moderate,SAA,search,15,0.894,8940,10000,1,ambiguous,0,1,0.005116999993333593,0.0025191000022459775,0.002120299992384389,2.413337740750193,7687768.968534492,8385788.984991113,8016007.9797434695,8016007.9797434695
SCA3-0,moderate,SAA,search,13,0.9322,9322,10000,1,ambiguous,0,0,0.00397220000741072,0.001305999991018325,0.0015693000168539584,2.5311922288600726,8174197.342430277,8958258.635994948,8598291.923510922,8598291.923510922
SCA3-0,moderate,SAA,search,13,0.9346,9346,10000,1,ambiguous,0,0,0.00422400000388734,0.0013171000173315406,0.001267799991182983,3.3317558236815654,8213969.135045798,9005528.182702826,8642199.721292367,8642199.721292367
SCA3-0,moderate,SAA,search,15,0.7315,7315,10000,1,certified_feasible,1,1,0.0044686000037472695,0.0015258000057656318,0.0023578999971505255,1.8951609521809587,7513597.8129736995,8016916.857407751,7775360.970884717,7775360.970884716
SCA3-0,moderate,SAA,search,15,0.7315,7315,10000,1,certified_feasible,1,1,0.0048534999950788915,0.0016152999887708575,0.0019807000062428415,2.450396314323954,7513597.8129736995,8016916.857407751,7775360.970884717,7775360.970884716
SCA3-0,moderate,SAA,search,13,0.9396,9396,10000,1,certified_infeasible,1,0,0.004141999990679324,0.0010291000071447343,0.0012359000102151185,3.3514038000196913,8260082.562505006,9060802.4303205,8694004.567861034,8694004.567861032
SCA3-0,moderate,SAA,search,13,0.9396,9396,10000,1,certified_infeasible,1,0,0.004163800011156127,0.0014170000213198364,0.0013720000279136002,3.0348395965326733,8260082.562505006,9060802.4303205,8694004.567861034,8694004.567861032
SCA3-0,moderate,SAA,search,15,0.7361,7361,10000,1,certified_feasible,1,1,0.004383299994515255,0.0015320999955292791,0.0019539000059012324,2.243359425393659,7548509.848551596,8061283.999086534,7818433.440720272,7818433.440720272
SCA3-0,moderate,SAA,search,15,0.7361,7361,10000,1,certified_feasible,1,1,0.0038102999969851226,0.001365000003715977,0.00181049999082461,2.104556761278791,7548509.848551596,8061283.999086534,7816288.548545456,7816288.5485454565
SCA3-0,moderate,SAA,search,15,0.7418,7418,10000,1,certified_feasible,1,1,0.0038295000267680734,0.0013556000194512308,0.0018290999869350344,2.093652645629858,7525536.271093723,8041494.4459433155,7780365.838534288,7780365.83853429
SCA3-0,moderate,SAA,search,15,0.6851,6851,10000,1,ambiguous,0,0,0.004703500017058104,0.0017245000053662807,0.0020782999927178025,2.26314778113785,8168653.034964918,8678545.572394548,8430258.479031246,8430258.479031246
SCA3-0,moderate,SAA,search,15,0.6851,6851,10000,1,ambiguous,0,0,0.00373370002489537,0.0012533999979496002,0.0019792999955825508,1.8863739873835859,8168653.034964918,8678545.572394548,8430198.739759082,8430198.739759084
SCA3-0,moderate,SAA,search,15,0.9373,9373,10000,1,ambiguous,0,0,0.0049829000199679285,0.0023444000107701868,0.001919799979077652,2.5955308231443524,7858112.946136373,8659118.228296407,8288506.77060836,8288506.770608361
SCA3-0,moderate,SAA,search,14,0.9808,9808,10000,1,certified_infeasible,1,0,0.005112799990456551,0.0024080000002868474,0.0018442999862600118,2.7722171168176444,8269729.253191116,9165065.32758565,8756433.362093193,8756433.362093195
SCA3-0,moderate,SAA,search,15,0.759,7590,10000,1,ambiguous,0,0,0.0044673999946098775,0.00186240000766702,0.002177799993660301,2.051336214351516,8196001.424152862,8744464.219678415,8478195.746614436,8478195.746614436
SCA3-0,moderate,SAA,search,13,0.9271,9271,10000,1,ambiguous,0,0,0.0041874999878928065,0.00143269999534823,0.001430200005415827,2.927912160561978,8116111.763965141,8882327.534675846,8529768.376677886,8529768.376677888
SCA3-0,moderate,SAA,search,15,0.8341,8341,10000,1,ambiguous,0,1,0.004625999979907647,0.001821899990318343,0.0019232000049669296,2.4053660399128343,7644606.996469698,8276546.091464075,7991945.644718548,7991945.644718548
SCA3-0,moderate,SAA,search,15,0.8341,8341,10000,1,ambiguous,0,1,0.004391800001030788,0.0019093000155407935,0.0018706999835558236,2.3476773612211517,7644606.996469698,8276546.091464075,7991945.644718548,7991945.644718546
SCA3-0,moderate,SAA,search,15,0.7858,7858,10000,1,certified_infeasible,1,0,0.004091000009793788,0.0016531000146642327,0.002091199974529445,1.9562930660011755,8624014.500604134,9268212.881595569,8942876.486617275,8942876.486617275
SCA3-0,moderate,SAA,search,13,0.938,9380,10000,1,ambiguous,0,0,0.003918500005966052,0.0013081000070087612,0.001419100008206442,2.761257123039924,7891846.998851838,8658892.027961371,8306776.144498316,8306776.144498316
SCA3-0,moderate,SAA,search,13,0.938,9380,10000,1,ambiguous,0,0,0.004036099999211729,0.0014750999980606139,0.0012036999978590757,3.3530780147797747,7891846.998851838,8658892.027961371,8306776.144498316,8306776.144498315
SCA3-0,moderate,SAA,search,13,0.9392,9392,10000,1,ambiguous,0,0,0.004071000003023073,0.0014655000122729689,0.001794499985408038,2.2685985155343418,8108078.438838549,8903153.242802931,8538851.980653634,8538851.980653634
SCA3-0,moderate,SAA,search,16,0.768,7680,10000,1,certified_feasible,1,1,0.004727899999124929,0.0020441999949980527,0.002008500014198944,2.353945713568029,7652579.113387683,8206293.103082291,7951107.323079413,7951107.323079413
SCA3-0,moderate,SAA,search,16,0.7225,7225,10000,1,certified_feasible,1,1,0.004219700000248849,0.001658199995290488,0.002130700013367459,1.980428954698243,7696869.620144407,8214418.552826677,7970824.971479007,7970824.971479008
SCA3-0,moderate,SAA,search,13,0.9354,9354,10000,1,ambiguous,0,0,0.0043471999815665185,0.0016952999867498875,0.0013497000036295503,3.220863873361659,8082655.096637924,8863869.32609956,8505355.706600776,8505355.706600774
SCA3-0,moderate,SAA,search,16,0.785,7850,10000,1,certified_feasible,1,1,0.004974500014213845,0.00181940000038594,0.0021591999975498766,2.3038625508793036,7561324.422737349,8132176.192998059,7881871.766138841,7881871.766138841
SCA3-0,moderate,SAA,search,16,0.7433,7433,10000,1,certified_feasible,1,1,0.004658599995309487,0.0017664000042714179,0.002293400000780821,2.0313072267041945,7653919.709958396,8191525.661592707,7940008.496615319,7940008.496615319
SCA8-0,moderate,SAA,search,9,0.9958,9958,10000,1,ambiguous,0,0,0.0027691999857779592,0.0009488000068813562,0.0007875000010244548,3.516444421810185,2897841.6282514404,3316842.0754693747,3128384.0612086756,3128384.0612086747
SCA8-0,moderate,SAA,search,6,0.8885,8885,10000,1,certified_infeasible,1,0,0.0020253999973647296,0.0006901999877300113,0.000600500003201887,3.3728559309995436,3222894.7330607013,3510767.7840763694,3378146.003476695,3378146.003476695
SCA8-0,moderate,SAA,search,3,0.9957,9957,10000,1,certified_infeasible,1,0,0.0017915000207722187,0.0006086000066716224,0.0002925999870058149,6.122693439274198,3177719.2048971937,3607076.666767328,3414452.4059686824,3414452.4059686824
SCA8-0,moderate,SAA,search,9,0.9958,9958,10000,1,ambiguous,0,0,0.0029260999872349203,0.0010643999848980457,0.0009414000087417662,3.1082429998548826,2897841.6282514404,3316842.0754693747,3129564.6520692827,3129564.6520692827
SCA8-0,moderate,SAA,search,9,0.9958,9958,10000,1,ambiguous,0,0,0.002659799996763468,0.0008573999803047627,0.0010264000156894326,2.5913873305787907,2897841.628251441,3316842.0754693747,3129564.6520692827,3129564.6520692827
SCA8-0,moderate,SAA,search,9,0.9957,9957,10000,1,ambiguous,0,1,0.0031012999825179577,0.0010572999890428036,0.0010360000014770776,2.993532797390229,2847028.143631512,3257095.638320333,3073853.1959029813,3073853.195902982
SCA8-0,moderate,SAA,search,6,0.9817,9817,10000,1,ambiguous,0,1,0.002589000010630116,0.0008722000056877732,0.0005253999843262136,4.927674320261573,2851833.6706985645,3155323.0603137156,3017576.987366106,3017576.9873661064
SCA8-0,moderate,SAA,search,6,0.9891,9891,10000,1,ambiguous,0,1,0.002289199997903779,0.0007874000002630055,0.0006453999958466738,3.5469476489547715,2773542.970966596,3117656.492542434,2962642.4294999177,2962642.429499918
SCA8-0,moderate,SAA,search,6,0.8885,8885,10000,1,certified_infeasible,1,0,0.0028012999973725528,0.0009907000057864934,0.0007852999842725694,3.567171849579779,3222894.7330607013,3510767.7840763694,3378146.003476695,3378146.003476695
SCA8-0,moderate,SAA,search,6,0.9912,9912,10000,1,ambiguous,0,0,0.0022308999905362725,0.0008111000061035156,0.0007205999863799661,3.0958923573444785,3004353.0224801092,3420714.3498320617,3262022.5154184457,3262022.515418446
SCA8-0,moderate,SAA,search,3,0.9957,9957,10000,1,certified_infeasible,1,0,0.0018287999846506864,0.0006043000030331314,0.00026359999901615083,6.937784489667754,3177719.2048971937,3607076.666767328,3414452.4059686824,3414452.4059686824
SCA8-0,moderate,SAA,search,4,0.9739,9739,10000,1,ambiguous,0,1,0.0019073000003118068,0.000603299995418638,0.00039030000334605575,4.886753738048825,2856815.0012183315,3124400.8698848486,3003706.6457730937,3003706.6457730937
SCA8-0,moderate,SAA,search,6,0.9876,9876,10000,1,ambiguous,0,0,0.0023942000116221607,0.0008397999918088317,0.0007371999963652343,3.247694008989104,3067177.7399655837,3450963.0674509276,3282657.4783840235,3282657.4783840235
SCA8-0,moderate,SAA,search,4,0.9078,9078,10000,1,ambiguous,0,0,0.0021319000225048512,0.0007385000062640756,0.000454399996669963,4.691681421937332,3009263.5919700037,3246428.442154944,3137063.8884946136,3137063.8884946136
SCA8-0,moderate,SAA,search,6,0.9826,9826,10000,1,ambiguous,0,0,0.002209199999924749,0.0006428000051528215,0.0005178000137675554,4.26651205327406,2944127.064078618,3317910.6179265366,3149794.335491063,3149794.335491063
SCA8-0,moderate,SAA,search,3,0.9645,9645,10000,1,ambiguous,0,0,0.0020698000153061002,0.0007217000238597393,0.0003656999906525016,5.6598306486501455,3086674.51031948,3453688.176749835,3282400.1530231545,3282400.1530231545
SCA8-0,moderate,SAA,search,5,0.9734,9734,10000,1,certified_infeasible,1,0,0.0021059999999124557,0.000672800000756979,0.0005275000003166497,3.9924170590488304,3179757.35753036,3535103.979202939,3374417.045226454,3374417.0452264533
SCA8-0,moderate,SAA,search,6,0.9966,9966,10000,1,ambiguous,0,1,0.002734300011070445,0.0009103000047616661,0.0006285999843385071,4.349825133940822,2701831.753416494,3099757.3505077236,2919414.6673546256,2919414.6673546256
SCA8-0,moderate,SAA,search,7,0.9858,9858,10000,1,ambiguous,0,1,0.0025168000138364732,0.0009880999859888107,0.0007557999924756587,3.329981528039681,2790450.594592207,3145710.3086315766,2970913.536782377,2970913.536782377
SCA8-0,moderate,SAA,search,7,0.9858,9858,10000,1,ambiguous,0,1,0.002403899998171255,0.000964400009252131,0.0006614000012632459,3.6345630383730088,2790450.594592207,3145710.3086315766,2970913.536782377,2970913.536782377
SCA8-0,moderate,SAA,search,6,0.9348,9348,10000,1,ambiguous,0,1,0.0022418999869842082,0.0007713999948464334,0.0006166000093799084,3.635906508076124,2902786.8645031634,3192462.3142808685,3061251.903625696,3061251.9036256955
SCA8-0,moderate,SAA,search,7,0.9954,9954,10000,1,ambiguous,0,1,0.003201599989552051,0.0011851000017486513,0.0009119999886024743,3.510526348205444,2833064.1683040312,3236864.8619129932,3055363.8683341206,3055363.868334121
SCA8-0,moderate,SAA,search,5,0.9739,9739,10000,1,ambiguous,0,1,0.00218390001100488,0.0007284999883268028,0.0004773999971803278,4.57457064077015,2855285.2442490044,3141833.9050252647,3011004.538090177,3011004.538090177
SCA8-0,moderate,SAA,search,5,0.9825,9825,10000,1,ambiguous,0,1,0.002621699997689575,0.000752499996451661,0.00047050000284798443,5.572157240850495,2832754.2450479604,3135014.8045852417,2997859.8743688604,2997859.87436886
SCA8-0,moderate,SAA,search,5,0.9486,9486,10000,1,certified_feasible,1,1,0.0027691000141203403,0.0008032000041566789,0.0004994999908376485,5.5437438737018425,2683323.5667346953,3012053.492776962,2865225.4740936076,2865225.474093608
SCA8-0,moderate,SAA,search,6,0.926,9260,10000,1,certified_infeasible,1,0,0.002321100007975474,0.0007806000066921115,0.0006156000017654151,3.770467838399989,3254787.6533707352,3523441.404618129,3402563.9838310424,3402563.9838310424
SCA8-0,moderate,SAA,search,6,0.9878,9878,10000,1,ambiguous,0,1,0.0023241000017151237,0.0007982999959494919,0.0005526999884750694,4.204993758236629,2844431.18194623,3216870.8067983915,3051595.6771358587,3051595.6771358587
SCA8-0,moderate,SAA,search,4,0.938,9380,10000,1,certified_feasible,1,1,0.0016325000033248216,0.0005484000139404088,0.00024059999850578606,6.78512058796028,2813161.76533224,3072632.309296591,2952729.470244204,2952729.4702442046
SCA8-0,moderate,SAA,search,7,0.9888,9888,10000,1,ambiguous,0,1,0.00276319999829866,0.0009319999953731894,0.0006304999988060445,4.38255353454597,2817461.8792981463,3164142.9484380065,3007803.5771245775,3007803.5771245775
SCA8-0,moderate,SAA,search,7,0.9837,9837,10000,1,ambiguous,0,1,0.002490699989721179,0.0009372999775223434,0.0006309000018518418,3.9478522466482504,2804040.8662092234,3155543.9905393017,2982399.136495906,2982399.136495906
SCA8-0,moderate,SAA,search,7,0.8223,8223,10000,1,ambiguous,0,0,0.0020389999845065176,0.000611600000411272,0.0007332999957725406,2.7805809303986235,3003121.059195392,3240195.305855776,3130304.502488379,3130304.502488379
SCA8-0,moderate,SAA,search,7,0.9816,9816,10000,1,ambiguous,0,0,0.0025430000096093863,0.0010187999869231135,0.0006261999951675534,4.0610029211657075,2956578.695281566,3313090.925474692,3135855.844262325,3135855.844262325
SCA8-0,moderate,SAA,search,7,0.9546,9546,10000,1,certified_infeasible,1,0,0.0023268999939318746,0.0008477999945171177,0.0007045000093057752,3.3029098129109133,3115623.3989140284,3449211.648837824,3291157.848375078,3291157.848375078
SCA8-0,moderate,SAA,search,6,0.9776,9776,10000,1,certified_feasible,1,1,0.0021351999894250184,0.0007916000031400472,0.0005772000004071742,3.699237678306972,2739775.223044357,3088234.9469350306,2931345.7913279217,2931345.7913279217
SCA8-0,moderate,SAA,search,8,0.8768,8768,10000,1,certified_feasible,1,1,0.002354099997319281,0.0008403999963775277,0.0008289999968837947,2.839686376560105,2755326.8955345126,2991058.752438033,2882299.6057768515,2882299.605776852
SCA8-0,moderate,SAA,search,7,0.9837,9837,10000,1,ambiguous,0,0,0.0021988999797031283,0.0008916999795474112,0.0006760000251233578,3.2528104999727905,2902175.2429146976,3244671.4639540534,3089566.400048327,3089566.400048327
SCA8-0,moderate,SAA,search,6,0.9742,9742,10000,1,ambiguous,0,0,0.002338099991902709,0.0008640000014565885,0.0006947000219952315,3.3656253316179656,2961221.3617974003,3262083.4566474017,3124918.048380958,3124918.048380958
SCA8-0,moderate,SAA,search,6,0.8248,8248,10000,1,ambiguous,0,1,0.0022878999880049378,0.0007528999994974583,0.0006260999944061041,3.654208606366715,2921581.193846518,3118527.633906269,3028759.4753024494,3028759.4753024494
SCA8-0,moderate,SAA,search,6,0.8248,8248,10000,1,ambiguous,0,1,0.0022706000017933547,0.0006572999991476536,0.0005981999856885523,3.7957205886252283,2921581.193846518,3118527.633906269,3028759.4753024494,3028759.4753024494
SCA8-0,moderate,SAA,search,6,0.9912,9912,10000,1,ambiguous,0,0,0.0022142000088933855,0.0007951000006869435,0.0006357000092975795,3.483089470676552,3004353.0224801092,3420714.3498320617,3262022.5154184457,3262022.515418446
SCA8-0,moderate,SAA,search,5,0.9905,9905,10000,1,certified_feasible,1,1,0.002154999994672835,0.0007430999830830842,0.0004028000112157315,5.350049490238621,2721926.4098818484,3064989.79756038,2910797.8334896723,2910797.8334896723
SCA8-0,moderate,SAA,search,9,0.9958,9958,10000,1,ambiguous,0,0,0.002570099983131513,0.0010043999936897308,0.0007372999971266836,3.48582665556408,2897841.6282514404,3316842.0754693747,3129564.6520692827,3129564.6520692827
SCA8-0,moderate,SAA,search,4,0.9712,9712,10000,1,ambiguous,0,1,0.0019514000159688294,0.0006713000184390694,0.00042779999785125256,4.561477386092315,2817091.9956506467,3161448.2704494856,3018181.126583355,3018181.126583355
SCA8-0,moderate,SAA,search,7,0.971,9710,10000,1,ambiguous,0,1,0.002421799988951534,0.0009471999946981668,0.0006566999945789576,3.687833118537283,2798698.3247057307,3127608.587757916,2975449.8984482056,2975449.8984482056
SCA8-0,moderate,SAA,search,5,0.8075,8075,10000,1,ambiguous,0,1,0.001723699999274686,0.0005802000232506543,0.0005191999953240156,3.319915282739904,2906393.913916242,3097986.625130146,3010466.9449034287,3010466.944903428
SCA8-0,moderate,SAA,search,7,0.9773,9773,10000,1,certified_infeasible,1,0,0.0032266000052914023,0.0013699000119231641,0.0007530000002589077,4.284993365447523,3105373.5915138833,3446766.048631675,3291830.482728421,3291830.4827284217
SCA8-0,moderate,SAA,search,7,0.9735,9735,10000,1,certified_infeasible,1,0,0.002454399975249544,0.0009905999759212136,0.0007773000106681138,3.1575967342904185,3141930.335198254,3492515.9530152455,3333403.7982655293,3333403.79826553
SCA8-0,moderate,SAA,search,7,0.9845,9845,10000,1,ambiguous,0,1,0.003232699993532151,0.0010858000023290515,0.0007224000000860542,4.47494461952805,2771106.4893716364,3128412.671224436,2964192.2564753313,2964192.2564753313
SCA8-0,moderate,SAA,search,5,0.7493,7493,10000,1,certified_feasible,1,1,0.001853800000390038,0.0006203000084497035,0.0006546999793499708,2.8315259796259844,2887500.1180542936,3059725.9903272074,2980035.975790386,2980035.975790386
SCA8-0,moderate,SAA,search,5,0.9522,9522,10000,1,ambiguous,0,0,0.0018285999831277877,0.0006477999850176275,0.00045700001646764576,4.001312729180715,2888138.7614518795,3234732.491952055,3090353.436296332,3090353.4362963326
SCA8-0,moderate,SAA,search,7,0.9986,9986,10000,1,ambiguous,0,1,0.002588500006822869,0.0009677000052761286,0.0008597999985795468,3.0105838696199845,2786110.5181437638,3203530.3193567274,3018445.519041769,3018445.519041769
SCA8-0,moderate,SAA,search,5,0.747,7470,10000,1,ambiguous,0,1,0.0019147999992128462,0.0004927999980282038,0.0004985000123269856,3.841123273547392,2928927.4835906113,3095195.5243548555,3018693.5279305973,3018693.527930598
SCA8-0,moderate,SAA,search,5,0.9785,9785,10000,1,ambiguous,0,0,0.0019791999948211014,0.0006597999890800565,0.0005154999962542206,3.8393792613046926,3052673.1249435423,3469847.252831949,3278088.0531320907,3278088.0531320907
SCA8-0,moderate,SAA,search,7,0.9882,9882,10000,1,certified_infeasible,1,0,0.002245799987576902,0.0008608000061940402,0.0006493999972008169,3.458269167319419,3174078.8404882974,3560068.612371804,3384428.447964889,3384428.4479648885
SCA8-0,moderate,SAA,search,8,0.9738,9738,10000,1,certified_infeasible,1,0,0.002646800014190376,0.0010711000068113208,0.0006945999921299517,3.8105385029938064,3174462.0886121243,3535159.3883843655,3356409.6365650073,3356409.636565007
SCA8-0,moderate,SAA,search,8,0.9738,9738,10000,1,certified_infeasible,1,0,0.002963100007036701,0.0011218999861739576,0.0007973000174388289,3.716417837986612,3174462.0886121243,3535159.3883843655,3356409.6365650073,3356409.636565007
SCA8-0,moderate,SAA,search,8,0.9912,9912,10000,1,certified_infeasible,1,0,0.0028541000210680068,0.0009836000099312514,0.00084299998707138,3.385646577508594,3124719.5949416384,3535159.3883843655,3347606.0967270783,3347606.096727078
SCA8-0,moderate,SAA,search,7,0.7354,7354,10000,1,ambiguous,0,0,0.001965500006917864,0.0007144999981392175,0.0007150000019464642,2.7489510511428383,3068534.294065976,3260169.240155111,3170870.207598923,3170870.207598923
SCA8-0,moderate,SAA,search,4,0.9881,9881,10000,1,ambiguous,0,0,0.0021092999959364533,0.0007288999913726002,0.0004211000050418079,5.009023915179095,3041184.1244075852,3440922.7550947405,3274154.9174667792,3274154.9174667792
SCA8-0,moderate,SAA,search,5,0.9547,9547,10000,1,certified_infeasible,1,0,0.002405400009592995,0.0007375999994110316,0.000506600015796721,4.7481246241377715,3195204.290599983,3516267.8146555047,3375893.3589973343,3375893.3589973343
SCA8-0,moderate,SAA,search,6,0.8606,8606,10000,1,ambiguous,0,0,0.0025628999865148216,0.0007125999836716801,0.0006747000152245164,3.7985770396966405,3068845.199263236,3293265.1086936137,3191043.590503755,3191043.590503755
SCA8-0,moderate,SAA,search,6,0.8606,8606,10000,1,ambiguous,0,0,0.0023008000280242413,0.0007695000094827265,0.0008144999737851322,2.824800616422365,3068845.199263236,3293265.108693613,3191043.590503755,3191043.590503755
SCA8-0,moderate,SAA,search,8,0.8743,8743,10000,1,certified_feasible,1,1,0.0032344000064767897,0.0012391000054776669,0.0009350999898742884,3.4588814474392318,2772141.650840955,3009954.9651439325,2900259.3990285387,2900259.3990285387
SCA8-0,moderate,SAA,search,7,0.9837,9837,10000,1,ambiguous,0,0,0.002546000003349036,0.0007716000254731625,0.0006360999832395464,4.002515438504968,2902175.2429146976,3244671.4639540534,3089566.400048327,3089566.400048327
SCA8-0,moderate,SAA,search,7,0.9837,9837,10000,1,ambiguous,0,0,0.0027159999881405383,0.0009904000035021454,0.0006414999952539802,4.233826980879758,2902175.2429146976,3244671.4639540534,3089555.9704154995,3089555.9704154995
SCA8-0,moderate,SAA,search,6,0.9767,9767,10000,1,ambiguous,0,0,0.0021283999958541244,0.0008055000216700137,0.0006157000025268644,3.456878328924901,2943486.865512635,3244449.7090845746,3107575.693555604,3107575.693555604
SCA8-0,moderate,SAA,search,6,0.8577,8577,10000,1,ambiguous,0,1,0.002338699996471405,0.0007158000080380589,0.0005871999892406166,3.9827997944888884,2900058.5619685045,3105389.0761553687,3012030.6126951436,3012030.612695143
SCA8-0,moderate,SAA,search,5,0.9569,9569,10000,1,certified_feasible,1,1,0.0019138999923598021,0.0006222999945748597,0.00036550001823343337,5.236388226764614,2688612.938231234,3027707.7017958676,2873947.536647544,2873947.536647544
SCA8-0,moderate,SAA,search,5,0.9252,9252,10000,1,certified_feasible,1,1,0.002223999996203929,0.0006855000101495534,0.0005809000285807997,3.828541722811405,2786647.27553586,3042162.7713093995,2923481.838191018,2923481.8381910184
SCA8-0,moderate,SAA,search,6,0.9912,9912,10000,1,ambiguous,0,0,0.0030341999954544008,0.0008554000232834369,0.0005561000143643469,5.456212762236051,3004353.0224801092,3420714.3498320617,3262022.5154184457,3262022.515418446
SCA8-0,moderate,SAA,search,6,0.9776,9776,10000,1,certified_feasible,1,1,0.002438399998936802,0.0009759999811649323,0.0006670000148005784,3.6557720312282784,2739775.223044357,3088234.9469350306,2931668.4731943454,2931668.4731943454
SCA8-0,moderate,SAA,search,4,0.7552,7552,10000,1,certified_feasible,1,1,0.0018930999794974923,0.0007170999888330698,0.0002890000178012997,6.550518556711932,2821998.782203512,3017293.4695447837,2923743.221179153,2923743.2211791533
SCA8-0,moderate,SAA,search,3,0.9952,9952,10000,1,ambiguous,0,0,0.002137100003892556,0.0006393000076059252,0.00032110000029206276,6.655559021951775,3041816.458324631,3443007.978659464,3263097.7956141196,3263097.7956141196
SCA8-0,moderate,SAA,search,3,0.9444,9444,10000,1,certified_infeasible,1,0,0.0018991999968420714,0.0005895999784115702,0.00020530002075247467,9.250851460613788,3140907.9314874676,3443914.873424686,3296956.296994509,3296956.296994509
SCA8-0,moderate,SAA,search,7,0.9867,9867,10000,1,ambiguous,0,1,0.0027763999823946506,0.0009037999843712896,0.0006113999988883734,4.541053299709857,2860926.50270481,3206941.1940969485,3052116.046386696,3052116.0463866955
SCA8-0,moderate,SAA,search,3,0.9105,9105,10000,1,certified_infeasible,1,0,0.0019709999905899167,0.0007814999844413251,0.00025519999326206744,7.72335439901786,3120656.147942027,3395599.4043973996,3266380.6738754734,3266380.6738754734
SCA8-0,moderate,SAA,search,3,0.9856,9856,10000,1,ambiguous,0,0,0.0020435999904293567,0.0007123000104911625,0.0003403000009711832,6.005289405222218,3043354.5647751847,3457769.4925769344,3268483.6587211723,3268483.6587211727
SCA8-0,moderate,SAA,search,4,0.8312,8312,10000,1,certified_infeasible,1,0,0.0016460000188089907,0.0005124000017531216,0.0005265999934636056,3.125712189973183,3182205.66230501,3480028.7146690646,3338080.409877607,3338080.409877607
SCA8-0,moderate,SAA,search,7,0.9891,9891,10000,1,ambiguous,0,1,0.002766299992799759,0.00096750000375323,0.000607900001341477,4.550583955741495,2784773.336359268,3129531.347396121,2974169.2979250746,2974169.2979250746
SCA8-0,moderate,SAA,search,9,0.9871,9871,10000,1,ambiguous,0,1,0.0029848999984096736,0.0013324000174179673,0.0008640000014565885,3.454745362705476,2889854.1567057087,3257095.638320333,3076075.105380723,3076075.105380723
SCA8-0,moderate,SAA,search,8,0.9151,9151,10000,1,ambiguous,0,0,0.0030049000051803887,0.0008520999981556088,0.0007356999849434942,4.084409496639016,3039315.761699574,3345002.7285701893,3204831.9958675816,3204831.9958675816
SCA8-0,moderate,SAA,search,5,0.9899,9899,10000,1,ambiguous,0,1,0.002147699997294694,0.0007838000019546598,0.0006352000054903328,3.3811397650048987,2844247.7629411975,3159789.876363219,3028435.2314137346,3028435.2314137346
SCA8-0,moderate,SAA,search,5,0.9799,9799,10000,1,ambiguous,0,0,0.002414699993096292,0.0008206999918911606,0.0006024999893270433,4.007800889413074,3063652.6119331405,3421847.621771628,3258548.280447465,3258548.2804474644
SCA8-0,moderate,SAA,search,8,0.9725,9725,10000,1,ambiguous,0,1,0.002806600008625537,0.0012300999951548874,0.0008001000096555799,3.5078114920079777,2845993.9059146307,3150226.6482623443,3018936.2570709176,3018936.257070917
SCA8-0,moderate,SAA,search,8,0.9725,9725,10000,1,ambiguous,0,1,0.003065900004003197,0.0011794999882113189,0.0007915000023785979,3.8735312631580845,2845993.9059146307,3150226.6482623443,3018936.2570709176,3018936.257070917
SCA8-0,moderate,SAA,search,7,0.9763,9763,10000,1,certified_infeasible,1,0,0.002649900008691475,0.0008049000171013176,0.0005916999944020063,4.47845197526081,3117876.92888128,3474464.9029057217,3311862.821398657,3311862.821398657
SCA8-0,moderate,SAA,search,5,0.9905,9905,10000,1,certified_feasible,1,1,0.0022194999910425395,0.0007581999816466123,0.00050970001029782,4.35452216244939,2721926.4098818484,3064989.79756038,2910797.8334896723,2910797.8334896723
SCA8-0,moderate,SAA,search,5,0.9779,9779,10000,1,ambiguous,0,1,0.0020138999971095473,0.000672499998472631,0.0005849000008311123,3.4431526658367257,2786322.0455017807,3148050.64303323,2987167.9978769827,2987167.9978769827
SCA8-0,moderate,SAA,search,7,0.9833,9833,10000,1,certified_infeasible,1,0,0.002490399987436831,0.0008184000034816563,0.0009318999946117401,2.6723897433591173,3132319.6623644624,3552628.3567690784,3366538.8068188513,3366538.8068188513
SCA8-0,moderate,SAA,search,9,0.9958,9958,10000,1,ambiguous,0,0,0.002625000022817403,0.0009689000144135207,0.0009529999806545675,2.754459681116072,2897841.6282514404,3316842.0754693747,3129564.6520692827,3129564.6520692827
SCA8-0,moderate,SAA,search,9,0.9958,9958,10000,1,ambiguous,0,0,0.0032943999976851046,0.0012534999987110496,0.0010276999964844435,3.205604757180684,2897841.628251441,3316842.0754693747,3129564.6520692827,3129564.6520692827
SCA8-0,moderate,SAA,search,5,0.9348,9348,10000,1,certified_feasible,1,1,0.002011300006415695,0.00066970000625588,0.0004938999773003161,4.072282038581109,2724109.9533879873,2981224.7141687917,2862239.172431421,2862239.172431421
SCA8-0,moderate,SAA,search,6,0.9774,9774,10000,1,certified_infeasible,1,0,0.0019143999961670488,0.0007794999983161688,0.0005805999971926212,3.297278686572096,3158555.5326199015,3489606.1960350997,3339930.262159798,3339930.262159798
SCA8-0,moderate,SAA,search,6,0.991,9910,10000,1,certified_feasible,1,1,0.0023751000117044896,0.0007781999884173274,0.0008674999990034848,2.7378674517957533,2667365.616368897,3047354.404274842,2879694.01416249,2879694.014162491
SCA8-0,moderate,SAA,search,7,0.9888,9888,10000,1,ambiguous,0,1,0.002230799989774823,0.0008227999787777662,0.0005657000001519918,3.9434328958378178,2817461.8792981463,3164142.9484380065,3007803.5771245775,3007803.5771245775
SCA8-0,moderate,SAA,search,9,0.9956,9956,10000,1,ambiguous,0,0,0.0025831999955698848,0.0010927999974228442,0.0008639000006951392,2.990160890718031,2880218.9555692,3290818.927133651,3107259.5505484496,3107259.5505484496
SCA8-0,moderate,SAA,search,9,0.9956,9956,10000,1,ambiguous,0,0,0.002678200020454824,0.0010647000162862241,0.0008753000001888722,3.0597509652426846,2880218.9555692,3290818.927133651,3107259.5505484496,3107259.5505484496
SCA8-0,moderate,SAA,search,9,0.9823,9823,10000,1,ambiguous,0,0,0.0027117000136058778,0.001023100019665435,0.0009580999903846532,2.8302891564764527,2930230.8767070416,3290818.927133651,3111240.3784174602,3111240.3784174602
SCA8-0,moderate,SAA,search,6,0.9799,9799,10000,1,ambiguous,0,1,0.0026948000013362616,0.0008819999929983169,0.0007467999821528792,3.608462862529371,2889470.209670643,3194870.1893972647,3056198.945934869,3056198.945934869
SCA8-0,moderate,SAA,search,7,0.9796,9796,10000,1,certified_infeasible,1,0,0.002276700019137934,0.0008233000116888434,0.0006623999797739089,3.4370472352898016,3191345.8789926535,3556730.7828574846,3391163.228316394,3391163.228316394
SCA8-0,moderate,SAA,search,6,0.9665,9665,10000,1,ambiguous,0,1,0.002631800016388297,0.0007243000145535916,0.0004954000178258866,5.3124746097874995,2858144.9564710665,3193808.825136718,3042252.7926714723,3042252.7926714723
SCA8-0,moderate,SAA,search,5,0.9191,9191,10000,1,certified_infeasible,1,0,0.002199200011091307,0.0005982000147923827,0.00045849999878555536,4.796510396764238,3136695.5354526853,3421793.9954660614,3289536.865557586,3289536.865557586
SCA8-0,moderate,SAA,search,6,0.9901,9901,10000,1,ambiguous,0,0,0.001787000015610829,0.0006633999873884022,0.0005237000004854053,3.4122589535125076,2966404.0936620682,3400501.358257898,3207273.9387222803,3207273.9387222803
