instance,profile,policy,N,dimension,alpha,capacity,iterations,repetitions,direction,explained_variance,effective_rank,entropy_rank,top_share,residual_cvar,prep_seconds,calls,coverage,certified_feasible,certified_infeasible,fallbacks,mean_pieces,mean_route_length_checked,K,distance,objective_raw,full_gate_seconds,full_gate_iqr,cert_gate_seconds,cert_gate_iqr,gate_speedup,gate_speedup_iqr,full_solver_seconds,full_solver_iqr,cert_solver_seconds,cert_solver_iqr,solver_speedup,solver_speedup_iqr,solver_speedup_with_prep,audit
CON3-0,moderate,SAA,50000,10,0.9,8080987.0,10,3,SLOPE,0.1001712282576726,1.169833631000256,1.4016637053623686,0.9223725044797388,4.060019377438908,0.009950000006938353,5276,0.5760045489006823,2704,335,2237,4.7139878695981805,12.508529188779379,4,639.6643,7898012.392941177,43.213083800132154,1.6528163495459012,20.753902400188963,0.16103835000831168,2.0790428594267536,0.06562280352431538,43.306064900010824,1.6613402499933727,20.84396649998962,0.16151569999783533,2.074048313253013,0.06596699112755555,2.076639412074848,False
CON3-1,moderate,SAA,50000,10,0.9,9262573.0,10,3,SLOPE,0.10031389568929366,1.1869052355599734,1.425721365483848,0.9151069452277866,4.059200436103714,0.011351599998306483,5234,0.5284677111196026,2575,191,2468,4.165647688192587,13.394535727932748,4,580.1506,7244194.429803922,42.78524139987712,1.0796172497721273,24.55065650009783,0.5451332497541443,1.7394999712547876,0.08433650271941051,42.864125799998874,1.0817732499999693,24.63344320000033,0.548281199997291,1.7365817629065798,0.08416581900199582,1.739277041982157,False
CON3-2,moderate,SAA,50000,10,0.9,8544946.0,10,3,SLOPE,0.10023716697691676,1.1759779433167425,1.4101199869167906,0.9197579357956552,4.059940962336358,0.009779100000741892,6783,0.5870558749815715,3137,845,2801,4.390682588825004,13.454960931741118,4,538.9096,6690309.352156863,55.57772679987829,1.4453245000040624,27.490235099889105,0.13575320016389014,2.021726136496464,0.04258088670835569,55.74612460000208,1.4527472499976284,27.653277999997954,0.13531795000017155,2.01589571406349,0.04265983507612958,2.0151830796750483,False
CON3-3,moderate,SAA,50000,10,0.9,8493987.0,10,3,SLOPE,0.10021301625648166,1.18227410484981,1.4160036311970634,0.9170359543019214,4.060210937639975,0.009481400004005991,5143,0.7067859226132608,3017,618,1508,4.149329185300409,12.938168384211549,4,610.6187,7650530.221960785,40.48636019988044,0.8581247496695141,15.26274100044975,0.1434916497746599,2.6604418813114084,0.0538233956883869,40.59193490000325,0.8593246000091312,15.365437799991923,0.14163264999660896,2.6487757887095245,0.05338069053531136,2.6401397218408795,False
CON3-4,moderate,SAA,50000,10,0.9,8776362.0,10,3,SLOPE,0.10029133074065628,1.1832235283584267,1.4097401418318505,0.9165066139026627,4.059437165849444,0.010237800001050346,4928,0.5888798701298701,2775,127,2026,4.677353896103896,13.042816558441558,4,624.4067,7673420.694117647,40.6038844006398,1.260313100341591,19.840707099530846,0.631524500073283,2.035599791327789,0.07025118327127267,40.688840400005574,1.2636479500069981,19.930618200000026,0.6356916500008083,2.030415044910437,0.07012947363235855,2.0404761159703164,False
CON3-5,moderate,SAA,50000,10,0.9,7725403.0,10,3,SLOPE,0.10020540385943091,1.198644324793567,1.4383228969921356,0.9101136062844051,4.0600962917911465,0.010552199993981048,5772,0.5949410949410949,2918,516,2338,3.8794178794178795,13.606029106029107,4,601.5216,7542339.689411765,50.72839169987128,0.6302566498925444,24.081629100634018,0.20488550038135145,2.1085868746034535,0.02049902048030061,50.8415806999983,0.6333468000011635,24.198191800009226,0.20622134999575792,2.1035844191963062,0.02061815810742118,2.1001329395689248,False
CON3-6,moderate,SAA,50000,10,0.9,7341109.0,10,3,SLOPE,0.10028481172011514,1.1780023794511085,1.4136408496287198,0.9188925084672932,4.0593492600373144,0.010690700000850484,5431,0.5989688823421101,2746,507,2178,4.438777389062787,13.48149512060394,4,531.1289,6562050.741176471,47.50963839927863,0.749890450417297,23.497667000847287,0.33843149969470687,2.0218874664265822,0.06092014738550833,47.633213199995225,0.7531112500073505,23.62293139999383,0.3359840500052087,2.0163972198644093,0.060441780439723036,2.0154850999333678,False
CON3-7,moderate,SAA,50000,10,0.9,8290151.0,10,3,SLOPE,0.10021134490145184,1.1909401908663189,1.426944484271252,0.9133341539932355,4.060030255921685,0.009981299997889437,5392,0.4729228486646884,2251,299,2842,4.026891691394659,13.654859050445104,4,606.4202,7716810.536470588,52.16163570013305,3.5040108999819495,32.38870059995679,1.8016569002429605,1.620694449125606,0.023082917686618742,52.298615699997754,3.514787249994697,32.52063939999789,1.8022129999953904,1.617309512829181,0.02296578325370069,1.6076734650195144,False
CON3-8,moderate,SAA,50000,10,0.9,8239189.0,10,3,SLOPE,0.10022185658659297,1.1728730806758894,1.4018129346586334,0.9210297828829889,4.060341058062593,0.010745699997642078,5004,0.761990407673861,3480,333,1191,4.654876099120703,12.697042366107114,4,536.4569,6807686.882352941,38.45346799946856,3.1195809495984577,11.180301099448116,0.3457550499078934,3.45890673960354,0.17328480925979672,38.52561310000601,3.1264881500028423,11.240148799988674,0.3479224999973667,3.4468042388326925,0.17260593453648054,3.424226678159045,False
CON3-9,moderate,SAA,50000,10,0.9,7188232.0,10,3,SLOPE,0.10032130885865995,1.1635206842488526,1.3851954451561768,0.9249799205515112,4.059472590452168,0.009832499999902211,4914,0.7914122914122914,3619,270,1025,4.1253561253561255,12.363858363858364,4,599.3209,7463412.130980392,37.721332799934316,0.7133948498376412,9.656585700635333,0.028958400049305055,3.9243216114334083,0.07655818011998416,37.79683180000575,0.7152363499990315,9.721260699996492,0.030736450004042126,3.907756499525645,0.07601957343363619,3.884130079035699,False
CON8-0,moderate,SAA,50000,10,0.9,3030370.0,10,3,SLOPE,0.10017336992421234,1.263027161141608,1.6598035485542384,0.8866890138243845,4.06001327478898,0.010897800006205216,9900,0.7626262626262627,3577,3973,2350,3.211818181818182,5.262727272727273,10,918.8653,12942076.482352942,34.839239199849544,0.3835713999142172,9.36992639930395,0.12928439984534634,3.7181977440545957,0.09012439439384234,35.010445500010974,0.38246975000947714,9.522403900002246,0.13241155000287108,3.6766394145497983,0.08921463313419675,3.6724365389569007,False
CON8-1,moderate,SAA,50000,10,0.9,3473465.0,10,3,SLOPE,0.10031009724521676,1.2911513478259204,1.6997527895915583,0.8758486351259328,4.059256341799907,0.008390600007260218,8785,0.7406943653955607,2939,3568,2278,3.3571997723392144,5.5451337507114395,10,833.0718,11937439.074509803,31.220833500337903,0.2619149001984624,9.117938200331992,0.04171575007785577,3.4268257603100443,0.03774690048344009,31.349839000002248,0.26470749999862164,9.236467900002026,0.04197474999818951,3.3958941597230345,0.03784056102807165,3.3910566613832716,False
CON8-2,moderate,SAA,50000,10,0.9,3204355.0,10,3,SLOPE,0.10024187692755052,1.2739046189250414,1.6770889161850695,0.8825624974220402,4.059893371024676,0.008609999989857897,8047,0.7165403255871754,2860,2906,2281,3.497949546414813,5.616751584441407,10,751.8025,10771058.380392157,28.703130100751878,0.2877567998802988,9.03974520060001,0.09501330023340415,3.1981858377302284,0.04588523304937553,28.82322760000534,0.28956074999587145,9.15522410000267,0.09654600000067148,3.170672635284155,0.045353205590088486,3.145324029821627,False
CON8-3,moderate,SAA,50000,10,0.9,3185245.0,10,3,SLOPE,0.10022270337080184,1.296976272411636,1.7026119660157424,0.8735892446983583,4.060286245498324,0.0075477999926079065,11291,0.7990434859622708,3747,5275,2269,3.30466743423966,5.215304224603667,10,848.9524,12350382.054901961,37.18523590035329,3.8066351496672723,8.715532700458425,0.17139590022998163,4.2665476888632865,0.5266343996690814,37.342380599991884,3.8282811000099173,8.850961100004497,0.17297099999996135,4.219019853106451,0.5207230084018875,4.215425081302802,False
CON8-4,moderate,SAA,50000,10,0.9,3291136.0,10,3,SLOPE,0.10028857666502984,1.2740820445930774,1.6422983162314697,0.8817397592029645,4.059331263562156,0.009457099993596785,6830,0.6635431918008785,2259,2273,2298,3.154319180087848,5.6616398243045385,10,808.5393,11658777.235294119,24.822753100161208,2.0690865002106875,8.693167701159837,0.7968033500001184,2.8286544972101346,0.03143085716532035,24.906477299999096,2.0781233999950928,8.777814999994007,0.8081718000030378,2.8114134198947034,0.03175377697719206,2.8343810248045274,False
CON8-5,moderate,SAA,50000,10,0.9,2897026.0,10,3,SLOPE,0.10020583902019457,1.2908373404687208,1.6938725158962968,0.8759034152591446,4.060121037330652,0.008109599992167205,7570,0.68665785997358,2581,2617,2372,3.100528401585205,5.638573315719947,10,820.5905,12023714.223529411,26.90855809910863,0.06647350055573042,8.981595299905166,0.10287175013218075,2.9886379649689996,0.03728740049237933,26.997048500008532,0.06468655000935541,9.065598100001807,0.10271365000517108,2.970751527137002,0.03652499719379598,2.9753050674121297,False
CON8-6,moderate,SAA,50000,10,0.9,2752916.0,10,3,SLOPE,0.10026660297952894,1.293242499473651,1.7005347397124935,0.8750218194621254,4.0596639769878315,0.010879900000873022,9024,0.7590868794326241,3147,3703,2174,3.2230718085106385,5.693594858156028,10,721.7615,10344519.352941178,32.79584680116386,0.3844039007235551,8.746590100345202,0.13013625007442897,3.7572649025496836,0.09357703743477819,32.936591500008944,0.3854468999998062,8.875328099995386,0.13297679999959655,3.7188480840518565,0.09279358569494045,3.7064844194534734,False
CON8-7,moderate,SAA,50000,10,0.9,3108806.0,10,3,SLOPE,0.10020487668231032,1.2853036923300156,1.6864839993029126,0.8779899708520406,4.060092986374028,0.011743600000045262,7428,0.7047657512116317,2416,2819,2193,3.2088045234248788,5.730613893376414,10,880.4109,12935630.34117647,26.951477400609292,0.39504385025793454,8.812620900920592,0.07937349967687624,3.0582817193230065,0.017254485099303718,27.054997700004606,0.3969976000007591,8.913790700011305,0.0810466999973869,3.0351843127717024,0.016911421008661165,3.031190827418612,False
CON8-8,moderate,SAA,50000,10,0.9,3089696.0,10,3,SLOPE,0.1002131835183047,1.2768726199586493,1.66239092504255,0.8810409445143353,4.060310874026416,0.00901180000801105,8438,0.7325195543967765,2901,3280,2257,3.3772220905427828,5.542664138421427,10,805.6827,11664621.705882352,31.01189149938,2.11909605065739,8.940334601677023,0.21081189909455134,3.4687618395806803,0.14912254338912945,31.128877800001646,2.125505250005517,9.042518999995082,0.21424640000623185,3.4425006792928583,0.1474347804492533,3.4390732891270734,False
CON8-9,moderate,SAA,50000,10,0.9,2695587.0,10,3,SLOPE,0.1003131466989159,1.2655477265606312,1.6566040884622169,0.885601604330912,4.059433785323554,0.00798209999629762,7826,0.7595195502172246,2448,3496,1882,3.4499105545617175,5.659212880143112,10,865.7966,12333473.82745098,28.65373290014395,1.4713479003112298,7.697475200649933,0.03148624965251656,3.7358232436440146,0.18176852635663554,28.764678100007586,1.477008649999334,7.806757300000754,0.03168310000182828,3.701179792088519,0.18187302999658517,3.680823713714425,False
SCA3-0,moderate,SAA,50000,10,0.9,8236853.0,10,3,SLOPE,0.10025220133176056,1.1971531891064344,1.4504275924086185,0.9110179720197815,4.059764876846479,0.010935400001471862,4955,0.6686175580221998,3084,229,1642,3.9505549949545915,12.296266397578204,4,661.7021,8528893.053333333,38.92466839986446,2.082932150035049,14.795770800003083,0.4225160496425815,2.6307969301509013,0.06401911409334016,38.994230600001174,2.0851694500015583,14.863449099997524,0.4251868499923148,2.6234981085250038,0.06361087253186248,2.6215693563658924,False
SCA3-1,moderate,SAA,50000,10,0.9,7725037.0,10,3,SLOPE,0.10030932674925808,1.2011703428330327,1.4597474466522677,0.9094164566091306,4.058994046275454,0.00966080000216607,5290,0.630812854442344,3071,266,1953,3.50586011342155,13.107939508506616,4,715.9348,9229716.244705882,44.45151470016572,0.47105004959303187,18.306719999556663,0.18552509946312057,2.4281528696152126,0.050192816404201146,44.54362089998904,0.4739954000033322,18.3975286000059,0.1855464500040398,2.4211741624891268,0.05004090534825689,2.4199034372933395,False
SCA3-2,moderate,SAA,50000,10,0.9,8326711.0,10,3,SLOPE,0.10034607849282964,1.1976218049383922,1.4449708914539197,0.9107015021463817,4.059156672994415,0.009587199994712137,4884,0.6595004095004094,3131,90,1663,4.2414004914004915,12.07043407043407,4,682.5467,8859116.091764705,38.63691409988678,2.0312864504012396,16.114917700499063,0.7535860001516994,2.608759739351416,0.14297747170882458,38.71404489999986,2.0348868500004755,16.190217199997278,0.7551604000036605,2.601667326613405,0.14230845266692782,2.389784712463504,False
SCA3-3,moderate,SAA,50000,10,0.9,8595056.0,10,3,SLOPE,0.1002848864611383,1.1855169728568584,1.4207696916469879,0.9156711115498146,4.059711483388834,0.010982599997078069,4946,0.6670036393044885,3122,177,1647,4.036393044884755,12.772745653052972,4,722.851,9252939.92627451,39.845952900126576,0.3232833999863942,16.796182100326405,0.21194939994893502,2.3897892283460718,0.03578846284997095,39.919012099999236,0.3242155499974615,16.869061400007922,0.21272920000046724,2.384308849475067,0.03565519656458127,2.3648642207323283,False
SCA3-4,moderate,SAA,50000,10,0.9,9863399.0,10,3,SLOPE,0.10025499646158272,1.1821450338731376,1.4216240859160916,0.9171921809292218,4.059924384035017,0.01261950000480283,4782,0.7680886658301965,3462,211,1109,4.842952739439565,13.029903805938938,4,739.4829,9530856.331764705,39.892379299228196,0.33821350017387886,11.792944600310875,0.11144614945806097,3.382732697495805,0.05996009128070279,39.957430399997975,0.34005864999926416,11.850103499993565,0.11170500000298489,3.3719056040328823,0.05981214093968301,3.368318589248309,False
SCA3-5,moderate,SAA,50000,10,0.9,8131740.0,10,3,SLOPE,0.10029043182964176,1.2002628141397995,1.4533039893427009,0.9096874999256731,4.059550085595958,0.009841999999480322,5443,0.4875987506889583,2379,275,2789,4.133198603711189,13.056035274664707,4,723.9898,9288553.162352942,46.88430920038081,2.2765062997932546,30.71951530026854,1.0421650998614496,1.6292281038171994,0.07026408188944244,46.973517999998876,2.2793984999952954,30.821483499996248,1.04366514999856,1.6267992855198525,0.07016253059208033,1.5235646615324854,False
SCA3-6,moderate,SAA,50000,10,0.9,8066750.0,10,3,SLOPE,0.10038502529401581,1.215031761133921,1.4870364788635666,0.9037675363562871,4.058051592452571,0.011032999987946823,5098,0.5851314240878775,2782,201,2115,4.55590427618674,12.726363279717535,4,703.9028,8936663.06509804,41.14143390045501,0.5719709995901212,20.073761200386798,0.28507584998442326,2.0950203989843894,0.03564216813189436,41.23894999999902,0.5707551999948919,20.16660119999142,0.2864538499925402,2.0901210611537784,0.03554156856410362,2.0437951045837273,False
SCA3-7,moderate,SAA,50000,10,0.9,8335093.0,10,3,SLOPE,0.10029521822914625,1.187963904448986,1.434259628335677,0.9148091613074345,4.059432227306557,0.010984100008499809,5671,0.6311056251102098,3064,515,2092,3.8324810439076002,12.497972138952566,4,692.6541,9023668.134117648,43.17461690060736,0.24246340008539846,18.558537899094517,0.05152799929783214,2.325924095528835,0.006856680792141301,43.278403900010744,0.2410095000086585,18.657456100001582,0.05242664999968838,2.3188412980666415,0.006806339881918255,2.3182656631370504,False
SCA3-8,moderate,SAA,50000,10,0.9,8270102.0,10,3,SLOPE,0.10030657197452182,1.1928895706438698,1.4352247680327885,0.9126528532002279,4.059343278575919,0.009942499993485399,5006,0.6288453855373551,3048,100,1858,4.062125449460647,12.641630043947263,4,733.5006,9513265.309803922,38.01385709994065,0.15074080043268623,17.24313570013328,0.25979225055198185,2.2011349883907534,0.039595164928823756,38.08547870001348,0.15176159999828087,17.317311099992367,0.2599915500031784,2.195842557798757,0.039443451194207224,2.198010116273971,False
SCA3-9,moderate,SAA,50000,10,0.9,7538443.0,10,3,SLOPE,0.10025853335304316,1.1884199310164953,1.4327687045574358,0.9145877593824885,4.059737545887832,0.013237899998784997,4840,0.7245867768595041,3311,196,1333,4.794834710743801,12.200619834710745,4,700.4218,9108778.912941176,36.71851609929581,1.298343199880037,12.299361600453267,0.45877774991095066,3.050142359652886,0.04115698871697138,36.78929140001128,1.3008819000024232,12.35991389999981,0.4603203499937081,3.040668214195269,0.040635374466543084,2.9733160955816818,False
SCA8-0,moderate,SAA,50000,10,0.9,3088820.0,10,3,SLOPE,0.1002468552247172,1.3125079957201282,1.754298449820193,0.8685157327688193,4.05991481942622,0.008754800001042895,6867,0.6927333624581331,2183,2574,2110,3.54143002766856,5.6922964904616284,11,1034.9625,15607273.146666666,26.231051399649004,0.041791300143813714,9.004385100124637,0.04538159968069522,2.913196859947984,0.019401663469921893,26.317110600008164,0.041485850008029956,9.087064300008933,0.04632015000242973,2.8962838856530273,0.019337915650360138,2.893319481252579,False
SCA8-1,moderate,SAA,50000,10,0.9,2896889.0,10,3,SLOPE,0.10033634255060168,1.3168003197309013,1.7664157082943561,0.8670358452329928,4.058965442405945,0.008114099997328594,8243,0.6923450200169841,3055,2652,2536,3.188523595778236,5.2627684095596265,10,1226.6122,17442042.611764707,29.305997500749072,0.051058250151982065,10.519281899600173,0.09262265119468793,2.7859313763483193,0.029647003978711783,29.43567350000376,0.051852400007192045,10.64477430000261,0.09388564999972004,2.765269856402361,0.029524374091364436,2.7631636035916727,False
SCA8-2,moderate,SAA,50000,10,0.9,3122516.0,10,3,SLOPE,0.10034721107422116,1.2930289003309967,1.7149499663594827,0.8755784156596192,4.059274508101034,0.009033700000145473,7928,0.6832744702320888,2557,2860,2511,3.3092835519677095,5.503784056508577,11,1163.142,17223955.00235294,29.56342130045232,0.15245579962356715,10.430368799585267,0.11192344957817113,2.8343601140573114,0.045393548457109745,29.701477599999635,0.15528425000229618,10.565983699998469,0.1132502500040573,2.811047077424882,0.04521350458333373,2.8086457427487095,False
SCA8-3,moderate,SAA,50000,10,0.9,3223146.0,10,3,SLOPE,0.10027474552710425,1.290999133603826,1.7042261007936403,0.8761687647301569,4.059736661284149,0.008137999990140088,6631,0.7021565374754939,2316,2340,1975,3.282762780877696,5.604584527220631,10,1088.6822,15947896.815686274,24.89390589967661,0.06945150007959455,8.161301699758042,0.026783300330862403,3.039743978623484,0.013235684312774776,24.97438690000854,0.06906454999989364,8.23703000000387,0.02759245000197552,3.0217585221845487,0.01339532252797504,3.0289724721226645,False
SCA8-4,moderate,SAA,50000,10,0.9,3698775.0,10,3,SLOPE,0.10025552603751929,1.2775426150064835,1.676024802277668,0.8810517366729002,4.059948868192519,0.007646300000487827,6947,0.737152727796171,3096,2025,1826,3.1678422340578667,5.236792860227436,12,1217.2087,18580168.995294116,24.5193392993242,0.15215529998386046,7.341518100802205,0.09151290061709005,3.334871461765623,0.059196136686417766,24.606440899995505,0.15482675000384916,7.419808599996031,0.0920306999978493,3.3114300953825646,0.05885335192877017,3.312903441528408,False
SCA8-5,moderate,SAA,50000,10,0.9,3049402.0,10,3,SLOPE,0.10030578619187858,1.3135662592926804,1.7620068266486868,0.8683202800313325,4.059345822832268,0.00822070000867825,9538,0.7812958691549591,3474,3978,2086,3.3814216816942757,5.376913399035438,10,1148.9835,16611472.905882353,34.41408050004975,0.3907108501662151,8.512753699877067,0.032196550753724296,4.030141520714672,0.0369855073147507,34.53880680000293,0.3928552500074147,8.617439000008744,0.03320549999625655,3.994250439832632,0.03715042543124003,4.004193070581392,False
SCA8-6,moderate,SAA,50000,10,0.9,3025031.0,10,3,SLOPE,0.10037045349934985,1.3316878870219107,1.797567311962894,0.8616746342025616,4.058175392907961,0.007555999996839091,7495,0.7095396931287525,2630,2688,2177,3.2891260840560372,5.685390260173449,10,1081.2966,15557053.662745098,28.53997200044978,0.06915270023455378,9.275082300388021,0.0770563003316056,3.0750047297168583,0.02067689317896626,28.6474739999976,0.06940354999824194,9.375973699992755,0.07850650000182213,3.0526627566110585,0.02034417318230819,3.0529528776393566,False
SCA8-7,moderate,SAA,50000,10,0.9,3125659.0,10,3,SLOPE,0.1002878623703362,1.2896575361309075,1.7119919259936593,0.8768712263635284,4.059503198659617,0.008146299995132722,9739,0.714344388540918,3603,3354,2782,3.039839819283294,5.104425505698737,11,1161.4619,17381718.61882353,33.39561359983054,0.1589525501112803,11.023533200088423,0.010869150049984455,3.029483650447269,0.017385916450283645,33.544822800002294,0.15943875000084518,11.164944899996044,0.011380899995856453,3.0044772366063515,0.017321879881568414,3.0022866724679367,False
SCA8-8,moderate,SAA,50000,10,0.9,3101288.0,10,3,SLOPE,0.10029730751497612,1.2913489672391913,1.706266760577856,0.8761164998454793,4.059464784323828,0.009172199992462993,7013,0.6989875944674177,2468,2434,2111,3.1301867959503777,5.602452588050763,10,1192.3111,17368759.274509802,26.526471399891307,0.061673599906498566,8.999924800140434,0.0669950501905987,2.959060957898678,0.023164744722772745,26.63304660000722,0.06240675000299234,9.105179599995608,0.07044609999866225,2.936944769328022,0.02372860666077159,2.9220999128036813,False
SCA8-9,moderate,SAA,50000,10,0.9,2826917.0,10,3,SLOPE,0.10024940545150061,1.2852764377072181,1.6992013550843645,0.8783627768126504,4.059632508861699,0.007950100000016391,7105,0.7086558761435608,2635,2400,2070,3.200140745953554,5.145109078114004,11,1195.6869,17744411.510588236,26.615592999281944,0.5119265497924061,8.79718750041502,0.3987482490047114,2.970376975530741,0.1744650898110458,26.7158497999917,0.512655900005484,8.889412500007893,0.40058940000017174,2.9506129567017925,0.1722578932695833,3.002670679058079,False
